timestamp,user_id,reward,reason
2025-03-14T12:22:37.437292,USER-d51d5cf0,1,Successful JSON
2025-03-14T12:22:47.305968,USER-d51d5cf0,-1,JSON Decode Error: Expecting value: line 1 column 1 (char 0)
2025-03-14T12:23:00.096470,USER-d51d5cf0,-1,JSON Decode Error: Expecting value: line 1 column 1 (char 0)
2025-03-14T12:23:08.289479,USER-d51d5cf0,1,Successful JSON
2025-03-14T12:23:15.940512,USER-d51d5cf0,1,Successful JSON
2025-03-14T12:23:24.716443,USER-60393ebb,1,Successful JSON
2025-03-14T12:23:36.846314,USER-60393ebb,-1,JSON Decode Error: Expecting value: line 1 column 1 (char 0)
2025-03-14T12:23:45.305692,USER-60393ebb,1,Successful JSON
2025-03-14T12:23:55.232412,USER-94b88f67,1,Successful JSON
2025-03-14T12:24:06.338154,USER-94b88f67,1,Successful JSON
2025-03-14T12:24:16.361836,USER-94b88f67,1,Successful JSON
2025-03-14T12:24:23.836720,USER-097b3cda,1,Successful JSON
2025-03-14T12:24:32.895591,USER-097b3cda,-1,JSON Decode Error: Expecting value: line 1 column 1 (char 0)
2025-03-14T12:24:49.701010,USER-097b3cda,1,Successful JSON
2025-03-14T12:25:03.486182,USER-097b3cda,1,Successful JSON
2025-03-14T12:25:10.623059,USER-097b3cda,-1,Error: bank_timestamp 2025-03-01T10:15:32+00:00 is not strictly later than last_timestamp 2025-03-14T14:30:00+00:00.
2025-03-14T12:25:20.400371,USER-097b3cda,1,Successful JSON
2025-03-14T12:25:27.859879,USER-097b3cda,1,Successful JSON
2025-03-14T12:25:36.739340,USER-7d289fc3,1,Successful JSON
2025-03-14T12:25:46.196512,USER-7d289fc3,1,Successful JSON
2025-03-14T12:25:56.114517,USER-7d289fc3,1,Successful JSON
2025-03-14T12:26:03.737276,USER-7d289fc3,1,Successful JSON
2025-03-14T12:26:13.731510,USER-7d289fc3,-1,JSON Decode Error: Expecting value: line 1 column 1 (char 0)
2025-03-14T12:26:22.247342,USER-7d289fc3,1,Successful JSON
2025-03-14T12:26:29.498355,USER-50c2e1ad,1,Successful JSON
2025-03-14T12:26:38.522138,USER-50c2e1ad,1,Successful JSON
2025-03-14T12:26:48.689540,USER-50c2e1ad,1,Successful JSON
2025-03-14T12:26:58.042187,USER-50c2e1ad,1,Successful JSON
2025-03-14T12:27:06.375192,USER-94747c82,1,Successful JSON
2025-03-14T12:27:14.826547,USER-94747c82,1,Successful JSON
2025-03-14T12:27:26.956155,USER-86359d6a,1,Successful JSON
2025-03-14T12:27:35.871768,USER-86359d6a,1,Successful JSON
2025-03-14T12:27:45.742777,USER-86359d6a,1,Successful JSON
2025-03-14T12:27:55.012598,USER-86359d6a,1,Successful JSON
2025-03-14T12:28:05.013782,USER-1105bca7,1,Successful JSON
2025-03-14T12:28:14.569895,USER-1105bca7,1,Successful JSON
2025-03-14T12:28:24.320392,USER-1105bca7,1,Successful JSON
2025-03-14T12:28:34.399782,USER-b13a4eb9,-1,JSON Decode Error: Expecting value: line 1 column 1 (char 0)
2025-03-14T12:28:42.186825,USER-b13a4eb9,1,Successful JSON
2025-03-14T12:28:52.258656,USER-a121396d,1,Successful JSON
2025-03-14T12:29:00.930119,USER-a121396d,1,Successful JSON
2025-03-14T12:29:08.552930,USER-a121396d,1,Successful JSON
2025-03-14T12:29:18.457622,USER-a121396d,1,Successful JSON
