,agent_id,timestamp,initial_balance,activity_type,granted,amount,balance,location,device,network,compromised_device,compromised_network
0,0,2025-01-19 21:52:28,4134.1,Suspicious Login,True,0.0,4134.1,"New York, USA",Android,Public WiFi,0,0
1,1,2025-01-19 21:55:28,2385.53,Online Purchase,True,-476.0,1909.53,"London, UK",Linux PC,Home WiFi,0,0
2,2,2025-01-19 22:20:28,3637.48,Deposit Funds,True,6361.0,9998.48,"New York, USA",MacBook,Mobile Network,0,0
3,3,2025-01-19 22:41:28,4409.51,Request New Card,True,0.0,4409.51,"New York, USA",iPhone,Corporate Network,0,0
4,4,2025-01-19 22:43:28,4642.23,Make Purchase,False,-36961.0,4642.23,"Tokyo, Japan",MacBook,Public WiFi,0,0
5,5,2025-01-19 22:50:28,3508.8,Online Purchase,True,-226.0,3282.8,"Los Angeles, USA",Android,Home WiFi,0,0
6,6,2025-01-19 23:22:28,1067.18,Deposit Funds,True,4856.0,5923.18,"Tokyo, Japan",Android,Mobile Network,1,0
7,7,2025-01-19 23:52:28,2972.03,Open Account,True,0.0,2972.03,"New York, USA",iPad,Home WiFi,0,0
8,8,2025-01-19 23:54:28,2454.26,Pay Bills,False,-2639.0,2454.26,"Los Angeles, USA",Android,Public WiFi,0,0
9,9,2025-01-20 00:40:28,4178.48,Wire Transfer,False,-5440.0,4178.48,"Tokyo, Japan",iPhone,Corporate Network,0,0
10,10,2025-01-20 01:10:28,3670.92,Request New Card,True,0.0,3670.92,"Los Angeles, USA",Windows Laptop,Public WiFi,0,0
11,11,2025-01-20 02:05:28,3251.92,Purchase Luxury Goods,False,-38854.0,3251.92,"New York, USA",iPhone,Public WiFi,0,0
12,12,2025-01-20 02:32:28,1672.54,Create Fake Identity,True,0.0,1672.54,"Paris, France",Linux PC,Home WiFi,0,0
13,13,2025-01-20 02:53:28,3306.6,Change Password,True,0.0,3306.6,"New York, USA",Windows Laptop,Public WiFi,0,0
14,14,2025-01-20 03:06:28,4185.31,Request New PIN,True,0.0,4185.31,"New York, USA",Android,Public WiFi,0,0
15,15,2025-01-20 03:46:28,3407.78,Wire Transfer,True,-576.0,2831.78,"London, UK",iPhone,Public WiFi,0,0
16,16,2025-01-20 03:57:28,2725.7,Suspicious Login,True,0.0,2725.7,"New York, USA",Linux PC,Public WiFi,0,0
17,17,2025-01-20 05:24:28,3087.23,Apply for Credit Card,True,0.0,3087.23,"Berlin, Germany",iPhone,Mobile Network,0,0
18,18,2025-01-20 05:33:28,4617.48,Online Purchase,True,-69.0,4548.48,"New York, USA",Windows Laptop,Public WiFi,0,0
19,19,2025-01-20 06:26:28,1087.93,Review activityments,True,0.0,1087.93,"Tokyo, Japan",iPhone,Home WiFi,0,0
20,20,2025-01-20 08:18:28,2485.97,Pay Bills,True,-1881.0,604.97,"New York, USA",Linux PC,Public WiFi,0,0
21,21,2025-01-20 08:32:28,3354.43,Make Purchase,True,-161.0,3193.43,"Tokyo, Japan",Windows Laptop,Home WiFi,0,0
22,22,2025-01-20 08:58:28,2709.65,Change Password,True,0.0,2709.65,"London, UK",iPhone,Public WiFi,0,0
23,23,2025-01-20 09:43:28,1302.58,Apply for Credit Card,True,0.0,1302.58,"Tokyo, Japan",MacBook,Home WiFi,0,1
24,24,2025-01-20 10:34:28,3651.76,Purchase Luxury Goods,False,-14593.0,3651.76,"New York, USA",iPhone,Public WiFi,0,0
25,25,2025-01-20 11:31:28,2164.33,Make Purchase,False,-26170.0,2164.33,"New York, USA",Windows Laptop,Home WiFi,0,0
26,26,2025-01-20 12:06:28,2157.19,Create Fake Identity,True,0.0,2157.19,"Los Angeles, USA",Android,Home WiFi,0,0
27,27,2025-01-20 12:25:28,4218.88,Request New Card,True,0.0,4218.88,"Los Angeles, USA",Windows Laptop,Corporate Network,0,0
28,28,2025-01-20 13:31:28,4878.74,Invest in Assets,False,-37476.0,4878.74,"Los Angeles, USA",MacBook,Home WiFi,0,0
29,29,2025-01-20 15:47:28,2102.51,Apply for Credit Card,True,0.0,2102.51,"Los Angeles, USA",iPhone,Home WiFi,0,0
30,30,2025-01-20 15:57:28,3427.84,Balance Check,True,0.0,3427.84,"Los Angeles, USA",MacBook,Mobile Network,1,0
31,31,2025-01-20 16:09:28,3039.98,Open Account,True,0.0,3039.98,"Los Angeles, USA",Android,Mobile Network,1,0
32,32,2025-01-20 16:50:28,2523.88,Cash Withdrawal,True,-486.0,2037.88,"Los Angeles, USA",Windows Laptop,Home WiFi,0,0
33,33,2025-01-20 16:58:28,1162.67,POS Purchase,True,-745.0,417.67,"New York, USA",iPhone,Mobile Network,0,0
34,34,2025-01-20 17:27:28,2991.7,Make Purchase,False,-16777.0,2991.7,"New York, USA",MacBook,Home WiFi,0,0
35,0,2025-01-20 17:57:28,4134.1,Change Email,True,0.0,4134.1,"New York, USA",iPhone,Mobile Network,0,0
36,1,2025-01-20 18:09:28,1909.53,POS Purchase,True,-402.0,1507.53,"London, UK",Android,Mobile Network,0,0
37,2,2025-01-20 18:18:28,9998.48,Purchase Luxury Goods,True,-7530.0,2468.48,"New York, USA",Windows Laptop,Public WiFi,0,0
38,3,2025-01-20 18:46:28,4409.51,Request New Card,True,0.0,4409.51,"New York, USA",Android,Public WiFi,0,0
39,4,2025-01-20 19:30:28,4642.23,Apply for Credit Card,True,0.0,4642.23,"Tokyo, Japan",MacBook,Home WiFi,0,0
40,5,2025-01-20 19:42:28,3282.8,Balance Check,True,0.0,3282.8,"Tokyo, Japan",Android,Mobile Network,1,0
41,6,2025-01-20 20:15:28,5923.18,Wire Transfer,False,-42642.0,5923.18,"New York, USA",Android,Home WiFi,0,0
42,7,2025-01-20 21:46:28,2972.03,Wire Transfer,False,-19150.0,2972.03,"New York, USA",Windows Laptop,Home WiFi,0,0
43,8,2025-01-20 21:46:28,2454.26,Pay Bills,True,-1408.0,1046.26,"London, UK",iPhone,Home WiFi,0,0
44,9,2025-01-20 22:33:28,4178.48,Wire Transfer,True,-4146.0,32.48,"New York, USA",iPhone,Home WiFi,0,0
45,10,2025-01-20 22:33:28,3670.92,Change Phone,True,0.0,3670.92,"Paris, France",Android,Home WiFi,0,0
46,11,2025-01-21 00:23:28,3251.92,Close Account,True,0.0,3251.92,"New York, USA",Windows Laptop,Home WiFi,0,0
47,12,2025-01-21 01:16:28,1672.54,Apply for Loan,True,0.0,1672.54,"London, UK",Windows Laptop,Home WiFi,0,1
48,13,2025-01-21 01:37:28,3306.6,Change Password,True,0.0,3306.6,"Tokyo, Japan",MacBook,Mobile Network,0,0
49,14,2025-01-21 01:42:28,4185.31,Report Lost Card,True,0.0,4185.31,"New York, USA",iPhone,Mobile Network,0,0
50,15,2025-01-21 03:13:28,2831.78,Deposit Funds,True,9955.0,12786.78,"New York, USA",iPhone,Mobile Network,0,0
51,16,2025-01-21 03:14:28,2725.7,Change Password,True,0.0,2725.7,"New York, USA",Windows Laptop,Corporate Network,0,0
52,17,2025-01-21 06:01:28,3087.23,Make Purchase,True,-452.0,2635.23,"New York, USA",Android,Public WiFi,0,1
53,18,2025-01-21 06:01:28,4548.48,Online Purchase,True,-34.0,4514.48,"London, UK",Android,Mobile Network,0,0
54,19,2025-01-21 08:32:28,1087.93,Review activityments,True,0.0,1087.93,"Paris, France",Windows Laptop,Mobile Network,0,0
55,20,2025-01-21 11:26:28,604.97,Make Purchase,True,-371.0,233.97,"London, UK",Windows Laptop,Mobile Network,0,0
56,21,2025-01-21 14:05:28,3193.43,Apply for Loan,True,0.0,3193.43,"Paris, France",Windows Laptop,Public WiFi,0,0
57,22,2025-01-21 14:31:28,2709.65,Unauthorized Transfer,False,-5826.0,2709.65,"Paris, France",Android,Public WiFi,0,0
58,23,2025-01-21 14:49:28,1302.58,Open Account,True,0.0,1302.58,"London, UK",Android,Home WiFi,0,0
59,24,2025-01-21 15:04:28,3651.76,Wire Transfer,False,-25150.0,3651.76,"Los Angeles, USA",Windows Laptop,Corporate Network,0,0
60,25,2025-01-21 15:04:28,2164.33,Make Purchase,False,-25896.0,2164.33,"London, UK",iPhone,Home WiFi,0,0
61,26,2025-01-21 15:21:28,2157.19,Create Fake Identity,True,0.0,2157.19,"London, UK",iPhone,Corporate Network,0,0
62,27,2025-01-21 15:37:28,4218.88,Request New Card,True,0.0,4218.88,"Berlin, Germany",iPhone,Home WiFi,0,0
63,28,2025-01-21 16:22:28,4878.74,Wire Transfer,False,-26506.0,4878.74,"New York, USA",MacBook,Home WiFi,0,0
64,29,2025-01-21 18:19:28,2102.51,Pay Bills,True,-859.0,1243.51,"London, UK",Android,Home WiFi,0,0
65,30,2025-01-21 18:21:28,3427.84,Report Lost Card,True,0.0,3427.84,"Paris, France",Android,Mobile Network,0,0
66,31,2025-01-21 18:49:28,3039.98,Create Fake Identity,True,0.0,3039.98,"New York, USA",iPhone,Public WiFi,0,0
67,32,2025-01-21 19:46:28,2037.88,Invest in Assets,False,-16025.0,2037.88,"Tokyo, Japan",Windows Laptop,Home WiFi,0,0
68,33,2025-01-21 20:01:28,417.67,Online Purchase,True,-415.0,2.67,"New York, USA",Linux PC,Home WiFi,0,0
69,34,2025-01-21 20:12:28,2991.7,Close Account,True,0.0,2991.7,"New York, USA",Android,Home WiFi,0,0
70,0,2025-01-21 20:18:28,4134.1,Change Email,True,0.0,4134.1,"Tokyo, Japan",Windows Laptop,Public WiFi,0,0
71,1,2025-01-21 20:32:28,1507.53,Online Purchase,True,-49.0,1458.53,"Paris, France",Windows Laptop,Public WiFi,0,0
72,2,2025-01-21 21:54:28,2468.48,Purchase Luxury Goods,False,-97255.0,2468.48,"Los Angeles, USA",iPhone,Mobile Network,0,0
73,3,2025-01-21 22:09:28,4409.51,Request New Card,True,0.0,4409.51,"Tokyo, Japan",Android,Corporate Network,0,0
74,4,2025-01-21 22:31:28,4642.23,Open Account,True,0.0,4642.23,"New York, USA",Windows Laptop,Corporate Network,0,0
75,5,2025-01-21 22:43:28,3282.8,Online Purchase,True,-142.0,3140.8,"New York, USA",iPhone,Mobile Network,0,0
76,6,2025-01-21 22:46:28,5923.18,Invest in Assets,False,-25905.0,5923.18,"Los Angeles, USA",iPhone,Public WiFi,0,0
77,7,2025-01-22 00:31:28,2972.03,Invest in Assets,False,-41328.0,2972.03,"London, UK",Windows Laptop,Mobile Network,0,0
78,8,2025-01-22 03:21:28,1046.26,Pay Bills,False,-1666.0,1046.26,"London, UK",iPhone,Mobile Network,0,0
79,9,2025-01-22 05:19:28,32.48,Wire Transfer,False,-18231.0,32.48,"New York, USA",Android,Corporate Network,0,0
80,10,2025-01-22 05:27:28,3670.92,Change Phone,True,0.0,3670.92,"Tokyo, Japan",MacBook,Public WiFi,0,0
81,12,2025-01-22 06:07:28,1672.54,Apply for Loan,True,0.0,1672.54,"Tokyo, Japan",iPhone,Home WiFi,0,0
82,13,2025-01-22 06:36:28,3306.6,Change Phone,True,0.0,3306.6,"Berlin, Germany",Windows Laptop,Public WiFi,0,0
83,14,2025-01-22 06:37:28,4185.31,Report Lost Card,True,0.0,4185.31,"London, UK",Windows Laptop,Public WiFi,0,1
84,15,2025-01-22 07:36:28,12786.78,Wire Transfer,False,-15625.0,12786.78,"Los Angeles, USA",iPhone,Mobile Network,0,0
85,16,2025-01-22 08:06:28,2725.7,Change Password,True,0.0,2725.7,"Berlin, Germany",iPad,Home WiFi,0,0
86,17,2025-01-22 08:17:28,2635.23,Make Purchase,True,-762.0,1873.23,"Paris, France",Windows Laptop,Home WiFi,0,0
87,18,2025-01-22 08:23:28,4514.48,POS Purchase,True,-114.0,4400.48,"Los Angeles, USA",Windows Laptop,Public WiFi,0,1
88,19,2025-01-22 08:41:28,1087.93,Review activityments,True,0.0,1087.93,"New York, USA",Android,Mobile Network,0,0
89,20,2025-01-22 10:28:28,233.97,Transfer Funds,False,-2727.0,233.97,"Paris, France",Android,Public WiFi,0,0
90,21,2025-01-22 13:08:28,3193.43,Apply for Loan,True,0.0,3193.43,"Tokyo, Japan",iPhone,Home WiFi,0,0
91,22,2025-01-22 13:37:28,2709.65,Unauthorized Transfer,True,-417.0,2292.65,"London, UK",Windows Laptop,Corporate Network,0,0
92,23,2025-01-22 13:58:28,1302.58,Apply for Credit Card,True,0.0,1302.58,"Berlin, Germany",Windows Laptop,Corporate Network,0,0
93,24,2025-01-22 14:33:28,3651.76,Cash Withdrawal,True,-393.0,3258.76,"Tokyo, Japan",MacBook,Home WiFi,0,0
94,25,2025-01-22 15:33:28,2164.33,Apply for Credit Card,True,0.0,2164.33,"Paris, France",MacBook,Corporate Network,0,0
95,26,2025-01-22 16:20:28,2157.19,Close Account,True,0.0,2157.19,"London, UK",Windows Laptop,Home WiFi,0,0
96,27,2025-01-22 16:37:28,4218.88,Request New Card,True,0.0,4218.88,"London, UK",Android,Public WiFi,0,0
97,28,2025-01-22 16:38:28,4878.74,Close Account,True,0.0,4878.74,"Los Angeles, USA",Android,Home WiFi,0,0
98,29,2025-01-22 16:54:28,1243.51,Pay Bills,False,-1966.0,1243.51,"Berlin, Germany",Windows Laptop,Public WiFi,0,0
99,30,2025-01-22 16:58:28,3427.84,Report Lost Card,True,0.0,3427.84,"Los Angeles, USA",Windows Laptop,Home WiFi,0,0
100,31,2025-01-22 17:26:28,3039.98,Open Account,True,0.0,3039.98,"Los Angeles, USA",MacBook,Home WiFi,0,0
101,32,2025-01-22 18:05:28,2037.88,Cash Withdrawal,True,-274.0,1763.88,"Berlin, Germany",iPhone,Home WiFi,0,0
102,33,2025-01-22 18:18:28,2.67,POS Purchase,False,-158.0,2.67,"London, UK",Windows Laptop,Public WiFi,0,0
103,0,2025-01-22 18:38:28,4134.1,Change Password,True,0.0,4134.1,"New York, USA",Linux PC,Home WiFi,0,0
104,1,2025-01-22 18:51:28,1458.53,Online Purchase,True,-301.0,1157.53,"Los Angeles, USA",MacBook,Public WiFi,0,0
105,2,2025-01-22 19:22:28,2468.48,Deposit Funds,True,4190.0,6658.48,"New York, USA",Linux PC,Public WiFi,0,0
106,3,2025-01-22 19:41:28,4409.51,Request New Card,True,0.0,4409.51,"New York, USA",Android,Home WiFi,0,1
107,4,2025-01-22 19:53:28,4642.23,Create Fake Identity,True,0.0,4642.23,"New York, USA",MacBook,Home WiFi,0,0
108,5,2025-01-22 19:55:28,3140.8,Close Account,True,0.0,3140.8,"Berlin, Germany",MacBook,Corporate Network,0,1
109,6,2025-01-22 20:41:28,5923.18,Invest in Assets,False,-15049.0,5923.18,"New York, USA",iPhone,Home WiFi,0,0
110,7,2025-01-22 22:07:28,2972.03,Invest in Assets,False,-32063.0,2972.03,"Tokyo, Japan",iPhone,Mobile Network,0,0
111,8,2025-01-22 22:13:28,1046.26,Pay Bills,False,-3504.0,1046.26,"London, UK",Windows Laptop,Home WiFi,0,0
112,9,2025-01-22 22:49:28,32.48,Purchase Luxury Goods,False,-46326.0,32.48,"Tokyo, Japan",MacBook,Home WiFi,0,0
113,10,2025-01-22 23:08:28,3670.92,Suspicious Login,True,0.0,3670.92,"New York, USA",iPad,Home WiFi,0,0
114,12,2025-01-22 23:45:28,1672.54,Apply for Credit Card,True,0.0,1672.54,"New York, USA",Windows Laptop,Mobile Network,0,0
115,13,2025-01-23 00:05:28,3306.6,Unauthorized Transfer,True,-441.0,2865.6,"Los Angeles, USA",iPhone,Public WiFi,0,0
116,14,2025-01-23 00:06:28,4185.31,Request New PIN,True,0.0,4185.31,"Los Angeles, USA",iPhone,Home WiFi,0,0
117,15,2025-01-23 00:18:28,12786.78,Close Account,True,0.0,12786.78,"New York, USA",Android,Mobile Network,0,0
118,16,2025-01-23 00:42:28,2725.7,Change Password,True,0.0,2725.7,"New York, USA",MacBook,Public WiFi,0,0
119,17,2025-01-23 00:58:28,1873.23,Pay Bills,False,-3004.0,1873.23,"New York, USA",iPhone,Home WiFi,0,0
120,18,2025-01-23 01:09:28,4400.48,Online Purchase,True,-259.0,4141.48,"Berlin, Germany",Android,Public WiFi,0,0
121,19,2025-01-23 02:15:28,1087.93,Pay Bills,False,-4919.0,1087.93,"Tokyo, Japan",iPhone,Home WiFi,0,1
122,20,2025-01-23 02:18:28,233.97,Invest Money,False,-45945.0,233.97,"New York, USA",Android,Home WiFi,0,0
123,21,2025-01-23 02:37:28,3193.43,Transfer Funds,True,-333.0,2860.43,"Tokyo, Japan",Windows Laptop,Corporate Network,0,0
124,22,2025-01-23 02:52:28,2292.65,Unauthorized Transfer,False,-6688.0,2292.65,"New York, USA",Windows Laptop,Corporate Network,0,0
125,23,2025-01-23 03:42:28,1302.58,Withdraw Funds,False,-4585.0,1302.58,"Los Angeles, USA",Windows Laptop,Public WiFi,0,0
126,24,2025-01-23 04:18:28,3258.76,Purchase Luxury Goods,False,-34102.0,3258.76,"Los Angeles, USA",Android,Public WiFi,0,0
127,25,2025-01-23 04:18:28,2164.33,Create Fake Identity,True,0.0,2164.33,"London, UK",iPhone,Public WiFi,0,0
128,27,2025-01-23 04:43:28,4218.88,Request New Card,True,0.0,4218.88,"London, UK",Linux PC,Mobile Network,0,0
129,29,2025-01-23 06:30:28,1243.51,Pay Bills,False,-4486.0,1243.51,"Los Angeles, USA",iPhone,Home WiFi,0,0
130,30,2025-01-23 06:38:28,3427.84,Report Lost Card,True,0.0,3427.84,"New York, USA",Linux PC,Home WiFi,0,0
131,31,2025-01-23 07:13:28,3039.98,Create Fake Identity,True,0.0,3039.98,"Paris, France",iPhone,Home WiFi,0,0
132,32,2025-01-23 09:07:28,1763.88,Wire Transfer,False,-3828.0,1763.88,"Los Angeles, USA",Windows Laptop,Public WiFi,0,0
133,33,2025-01-23 09:09:28,2.67,Online Purchase,False,-345.0,2.67,"Berlin, Germany",Windows Laptop,Mobile Network,0,0
134,0,2025-01-23 09:16:28,4134.1,Change Password,True,0.0,4134.1,"New York, USA",Windows Laptop,Home WiFi,0,0
135,1,2025-01-23 09:31:28,1157.53,POS Purchase,True,-681.0,476.53,"London, UK",Android,Home WiFi,0,0
136,2,2025-01-23 10:30:28,6658.48,Cash Withdrawal,True,-1097.0,5561.48,"Tokyo, Japan",Windows Laptop,Home WiFi,0,0
137,3,2025-01-23 10:54:28,4409.51,Request New Card,True,0.0,4409.51,"Berlin, Germany",Android,Home WiFi,0,0
138,4,2025-01-23 11:25:28,4642.23,Open Account,True,0.0,4642.23,"London, UK",Windows Laptop,Mobile Network,0,1
139,6,2025-01-23 12:41:28,5923.18,Invest in Assets,False,-27072.0,5923.18,"New York, USA",iPhone,Mobile Network,0,0
140,7,2025-01-23 14:40:28,2972.03,Invest in Assets,False,-45751.0,2972.03,"Tokyo, Japan",iPhone,Home WiFi,0,1
141,8,2025-01-23 15:35:28,1046.26,Pay Bills,False,-1128.0,1046.26,"New York, USA",iPad,Public WiFi,0,1
142,9,2025-01-23 17:17:28,32.48,Cash Withdrawal,False,-1207.0,32.48,"Berlin, Germany",MacBook,Public WiFi,0,0
143,10,2025-01-23 17:44:28,3670.92,Suspicious Login,True,0.0,3670.92,"Berlin, Germany",Linux PC,Public WiFi,0,0
144,12,2025-01-23 17:44:28,1672.54,Create Fake Identity,True,0.0,1672.54,"Los Angeles, USA",iPhone,Public WiFi,0,0
145,13,2025-01-23 17:45:28,2865.6,Unauthorized Transfer,False,-6259.0,2865.6,"New York, USA",iPhone,Mobile Network,0,0
146,14,2025-01-23 17:51:28,4185.31,Request New PIN,True,0.0,4185.31,"Tokyo, Japan",iPhone,Home WiFi,0,0
147,16,2025-01-23 18:00:28,2725.7,Change Email,True,0.0,2725.7,"Los Angeles, USA",Android,Corporate Network,0,0
148,17,2025-01-23 18:22:28,1873.23,Deposit Funds,True,6288.0,8161.23,"Los Angeles, USA",iPhone,Public WiFi,0,0
149,18,2025-01-23 18:36:28,4141.48,Online Purchase,True,-251.0,3890.48,"New York, USA",Android,Mobile Network,0,0
150,19,2025-01-23 21:28:28,1087.93,Invest Money,False,-19700.0,1087.93,"New York, USA",MacBook,Home WiFi,0,0
151,20,2025-01-23 22:45:28,233.97,Pay Bills,False,-4079.0,233.97,"New York, USA",iPhone,Mobile Network,0,0
152,21,2025-01-23 23:12:28,2860.43,Close Account,True,0.0,2860.43,"New York, USA",Windows Laptop,Corporate Network,0,0
153,22,2025-01-23 23:12:28,2292.65,Unauthorized Transfer,True,-1299.0,993.65,"London, UK",Android,Public WiFi,0,0
154,23,2025-01-23 23:44:28,1302.58,Open Account,True,0.0,1302.58,"New York, USA",Linux PC,Home WiFi,0,0
155,24,2025-01-24 01:18:28,3258.76,Close Account,True,0.0,3258.76,"Los Angeles, USA",Windows Laptop,Home WiFi,0,0
156,25,2025-01-24 01:23:28,2164.33,Apply for Loan,True,0.0,2164.33,"London, UK",iPhone,Home WiFi,0,0
157,27,2025-01-24 01:36:28,4218.88,Change Phone,True,0.0,4218.88,"Los Angeles, USA",iPhone,Home WiFi,0,0
158,29,2025-01-24 02:42:28,1243.51,Pay Bills,False,-3416.0,1243.51,"New York, USA",Windows Laptop,Public WiFi,0,0
159,30,2025-01-24 02:45:28,3427.84,Report Lost Card,True,0.0,3427.84,"New York, USA",MacBook,Mobile Network,0,0
160,31,2025-01-24 03:03:28,3039.98,Create Fake Identity,True,0.0,3039.98,"New York, USA",Windows Laptop,Public WiFi,0,0
161,32,2025-01-24 03:56:28,1763.88,Invest in Assets,False,-19270.0,1763.88,"Paris, France",MacBook,Home WiFi,0,0
162,33,2025-01-24 04:09:28,2.67,POS Purchase,False,-944.0,2.67,"London, UK",Windows Laptop,Corporate Network,0,0
163,0,2025-01-24 04:39:28,4134.1,Change Password,True,0.0,4134.1,"Los Angeles, USA",Linux PC,Public WiFi,0,0
164,1,2025-01-24 04:54:28,476.53,POS Purchase,False,-683.0,476.53,"Paris, France",iPhone,Public WiFi,0,0
165,2,2025-01-24 05:40:28,5561.48,Purchase Luxury Goods,False,-15869.0,5561.48,"Los Angeles, USA",Windows Laptop,Public WiFi,0,0
166,3,2025-01-24 05:42:28,4409.51,Unauthorized Transfer,True,-476.0,3933.51,"Tokyo, Japan",iPhone,Public WiFi,0,0
167,4,2025-01-24 05:49:28,4642.23,Create Fake Identity,True,0.0,4642.23,"Tokyo, Japan",Windows Laptop,Corporate Network,0,0
168,6,2025-01-24 06:50:28,5923.18,Invest in Assets,False,-9906.0,5923.18,"Tokyo, Japan",Windows Laptop,Corporate Network,1,0
169,7,2025-01-24 07:12:28,2972.03,Invest in Assets,False,-7672.0,2972.03,"Berlin, Germany",MacBook,Home WiFi,0,0
170,8,2025-01-24 07:31:28,1046.26,Pay Bills,False,-3709.0,1046.26,"New York, USA",Linux PC,Mobile Network,0,1
171,9,2025-01-24 07:58:28,32.48,Cash Withdrawal,False,-1253.0,32.48,"New York, USA",MacBook,Corporate Network,0,0
172,10,2025-01-24 08:04:28,3670.92,Suspicious Login,True,0.0,3670.92,"New York, USA",Linux PC,Home WiFi,0,0
173,12,2025-01-24 08:25:28,1672.54,Apply for Loan,True,0.0,1672.54,"Paris, France",iPhone,Home WiFi,0,0
174,13,2025-01-24 08:31:28,2865.6,Request New Card,True,0.0,2865.6,"Los Angeles, USA",Android,Home WiFi,0,0
175,14,2025-01-24 08:41:28,4185.31,Request New PIN,True,0.0,4185.31,"London, UK",iPad,Home WiFi,0,0
176,16,2025-01-24 08:44:28,2725.7,Change Phone,True,0.0,2725.7,"Paris, France",Linux PC,Home WiFi,0,0
177,17,2025-01-24 11:41:28,8161.23,Deposit Funds,True,8693.0,16854.23,"London, UK",Windows Laptop,Mobile Network,0,0
178,18,2025-01-24 11:41:28,3890.48,POS Purchase,True,-620.0,3270.48,"Los Angeles, USA",iPad,Mobile Network,0,0
179,19,2025-01-24 12:26:28,1087.93,Invest Money,False,-29139.0,1087.93,"New York, USA",MacBook,Corporate Network,0,0
180,20,2025-01-24 14:25:28,233.97,Make Purchase,False,-901.0,233.97,"New York, USA",Android,Home WiFi,0,0
181,22,2025-01-24 14:54:28,993.65,Unauthorized Transfer,False,-3713.0,993.65,"London, UK",Android,Home WiFi,0,0
182,23,2025-01-24 15:39:28,1302.58,Open Account,True,0.0,1302.58,"New York, USA",iPhone,Home WiFi,0,0
183,25,2025-01-24 15:50:28,2164.33,Apply for Loan,True,0.0,2164.33,"Tokyo, Japan",Linux PC,Home WiFi,0,0
184,27,2025-01-24 16:12:28,4218.88,Change Phone,True,0.0,4218.88,"Paris, France",MacBook,Home WiFi,0,0
185,29,2025-01-24 17:15:28,1243.51,Apply for Credit Card,True,0.0,1243.51,"New York, USA",iPhone,Home WiFi,0,0
186,30,2025-01-24 17:25:28,3427.84,Report Lost Card,True,0.0,3427.84,"New York, USA",Android,Home WiFi,0,0
187,31,2025-01-24 18:19:28,3039.98,Make Purchase,False,-41737.0,3039.98,"Berlin, Germany",MacBook,Home WiFi,0,0
188,32,2025-01-24 18:55:28,1763.88,Invest in Assets,False,-1924.0,1763.88,"Los Angeles, USA",Windows Laptop,Public WiFi,0,0
189,33,2025-01-24 19:03:28,2.67,Online Purchase,False,-157.0,2.67,"New York, USA",iPhone,Corporate Network,0,0
190,0,2025-01-24 19:33:28,4134.1,Suspicious Login,True,0.0,4134.1,"Tokyo, Japan",Windows Laptop,Home WiFi,0,0
191,1,2025-01-24 19:36:28,476.53,Online Purchase,True,-12.0,464.53,"Tokyo, Japan",Android,Public WiFi,0,1
192,2,2025-01-24 20:57:28,5561.48,Invest in Assets,False,-22283.0,5561.48,"New York, USA",Windows Laptop,Home WiFi,0,0
193,3,2025-01-24 21:18:28,3933.51,Close Account,True,0.0,3933.51,"Tokyo, Japan",MacBook,Mobile Network,0,0
194,4,2025-01-24 21:34:28,4642.23,Apply for Loan,True,0.0,4642.23,"New York, USA",iPhone,Mobile Network,0,0
195,6,2025-01-24 21:54:28,5923.18,Cash Withdrawal,True,-1978.0,3945.18,"Paris, France",iPhone,Public WiFi,0,0
196,7,2025-01-24 22:37:28,2972.03,Cash Withdrawal,True,-1908.0,1064.03,"New York, USA",Windows Laptop,Public WiFi,0,0
197,8,2025-01-24 23:15:28,1046.26,Pay Bills,False,-2494.0,1046.26,"Tokyo, Japan",iPhone,Home WiFi,0,0
198,9,2025-01-24 23:35:28,32.48,Deposit Funds,True,3183.0,3215.48,"Los Angeles, USA",Android,Public WiFi,0,0
199,10,2025-01-24 23:49:28,3670.92,Suspicious Login,True,0.0,3670.92,"New York, USA",iPhone,Home WiFi,0,0
200,12,2025-01-25 00:12:28,1672.54,Open Account,True,0.0,1672.54,"Los Angeles, USA",iPhone,Mobile Network,0,1
201,13,2025-01-25 00:28:28,2865.6,Request New Card,True,0.0,2865.6,"London, UK",iPhone,Public WiFi,0,0
202,14,2025-01-25 00:31:28,4185.31,POS Purchase,True,-947.0,3238.31,"New York, USA",Windows Laptop,Home WiFi,0,0
203,16,2025-01-25 00:49:28,2725.7,Change Phone,True,0.0,2725.7,"Tokyo, Japan",Windows Laptop,Home WiFi,0,0
204,17,2025-01-25 02:27:28,16854.23,Transfer Funds,True,-3171.0,13683.23,"Los Angeles, USA",Windows Laptop,Home WiFi,0,0
205,18,2025-01-25 02:40:28,3270.48,Balance Check,True,0.0,3270.48,"Los Angeles, USA",iPhone,Mobile Network,0,0
206,19,2025-01-25 04:31:28,1087.93,Invest Money,False,-25774.0,1087.93,"London, UK",iPad,Public WiFi,0,1
207,20,2025-01-25 05:10:28,233.97,Make Purchase,True,-88.0,145.97,"Los Angeles, USA",Windows Laptop,Home WiFi,0,0
208,22,2025-01-25 05:31:28,993.65,Close Account,True,0.0,993.65,"New York, USA",iPhone,Home WiFi,0,0
209,23,2025-01-25 06:04:28,1302.58,Make Purchase,False,-48789.0,1302.58,"Berlin, Germany",MacBook,Mobile Network,0,0
210,25,2025-01-25 06:48:28,2164.33,Apply for Loan,True,0.0,2164.33,"Los Angeles, USA",iPhone,Public WiFi,0,0
211,27,2025-01-25 07:02:28,4218.88,Change Phone,True,0.0,4218.88,"New York, USA",Windows Laptop,Corporate Network,0,0
212,29,2025-01-25 08:42:28,1243.51,Apply for Credit Card,True,0.0,1243.51,"London, UK",Android,Home WiFi,0,0
213,30,2025-01-25 08:53:28,3427.84,Report Lost Card,True,0.0,3427.84,"New York, USA",MacBook,Home WiFi,0,0
214,31,2025-01-25 09:47:28,3039.98,Close Account,True,0.0,3039.98,"New York, USA",Android,Mobile Network,0,0
215,32,2025-01-25 10:32:28,1763.88,Deposit Funds,True,2000.0,3763.88,"Los Angeles, USA",iPad,Corporate Network,0,0
216,33,2025-01-25 10:33:28,2.67,Close Account,True,0.0,2.67,"Paris, France",Android,Home WiFi,0,0
217,0,2025-01-25 10:36:28,4134.1,Suspicious Login,True,0.0,4134.1,"Paris, France",Android,Home WiFi,0,0
218,1,2025-01-25 10:44:28,464.53,Online Purchase,True,-350.0,114.53,"London, UK",iPhone,Public WiFi,0,0
219,2,2025-01-25 11:17:28,5561.48,Wire Transfer,False,-46015.0,5561.48,"Tokyo, Japan",iPhone,Corporate Network,0,0
220,4,2025-01-25 12:01:28,4642.23,Apply for Loan,True,0.0,4642.23,"London, UK",Android,Public WiFi,0,0
221,6,2025-01-25 13:45:28,3945.18,Wire Transfer,False,-7515.0,3945.18,"Los Angeles, USA",Windows Laptop,Public WiFi,0,0
222,7,2025-01-25 15:18:28,1064.03,Deposit Funds,True,7086.0,8150.03,"Los Angeles, USA",MacBook,Mobile Network,0,0
223,8,2025-01-25 18:12:28,1046.26,Pay Bills,False,-3058.0,1046.26,"Los Angeles, USA",iPhone,Public WiFi,0,0
224,9,2025-01-25 20:09:28,3215.48,Deposit Funds,True,8552.0,11767.48,"Los Angeles, USA",Windows Laptop,Public WiFi,0,0
225,10,2025-01-25 20:33:28,3670.92,Suspicious Login,True,0.0,3670.92,"London, UK",Windows Laptop,Mobile Network,0,0
226,12,2025-01-25 20:57:28,1672.54,Apply for Loan,True,0.0,1672.54,"Los Angeles, USA",MacBook,Public WiFi,0,0
227,13,2025-01-25 21:05:28,2865.6,Change Email,True,0.0,2865.6,"New York, USA",iPhone,Public WiFi,1,0
228,14,2025-01-25 21:07:28,3238.31,Balance Check,True,0.0,3238.31,"New York, USA",MacBook,Home WiFi,0,0
229,16,2025-01-25 21:28:28,2725.7,Request New Card,True,0.0,2725.7,"London, UK",Windows Laptop,Home WiFi,1,0
230,17,2025-01-25 22:01:28,13683.23,Transfer Funds,True,-258.0,13425.23,"London, UK",iPhone,Home WiFi,0,0
231,18,2025-01-25 22:07:28,3270.48,POS Purchase,True,-719.0,2551.48,"Los Angeles, USA",iPhone,Mobile Network,1,0
232,19,2025-01-25 22:20:28,1087.93,Invest Money,False,-32469.0,1087.93,"New York, USA",iPad,Home WiFi,0,0
233,20,2025-01-25 23:35:28,145.97,Deposit Funds,True,8394.0,8539.97,"London, UK",MacBook,Home WiFi,1,0
234,23,2025-01-26 00:04:28,1302.58,Open Account,True,0.0,1302.58,"New York, USA",iPhone,Home WiFi,0,0
235,25,2025-01-26 00:37:28,2164.33,Max Out Credit,False,-9442.0,2164.33,"Tokyo, Japan",Windows Laptop,Public WiFi,0,0
236,27,2025-01-26 00:57:28,4218.88,Request New Card,True,0.0,4218.88,"New York, USA",MacBook,Public WiFi,0,0
237,29,2025-01-26 03:03:28,1243.51,Make Purchase,True,-378.0,865.51,"New York, USA",iPhone,Home WiFi,0,0
238,30,2025-01-26 03:10:28,3427.84,Close Account,True,0.0,3427.84,"Paris, France",Windows Laptop,Home WiFi,0,0
239,32,2025-01-26 04:57:28,3763.88,Purchase Luxury Goods,False,-80992.0,3763.88,"Paris, France",iPhone,Public WiFi,0,0
240,0,2025-01-26 05:02:28,4134.1,Suspicious Login,True,0.0,4134.1,"New York, USA",Windows Laptop,Home WiFi,0,0
241,1,2025-01-26 05:02:28,114.53,Online Purchase,False,-411.0,114.53,"Berlin, Germany",iPad,Mobile Network,0,0
242,2,2025-01-26 06:20:28,5561.48,Purchase Luxury Goods,False,-78656.0,5561.48,"New York, USA",Android,Mobile Network,0,0
243,4,2025-01-26 06:39:28,4642.23,Apply for Credit Card,True,0.0,4642.23,"London, UK",Android,Home WiFi,1,0
244,6,2025-01-26 07:24:28,3945.18,Purchase Luxury Goods,False,-28178.0,3945.18,"London, UK",iPad,Home WiFi,0,1
245,7,2025-01-26 08:23:28,8150.03,Purchase Luxury Goods,False,-99857.0,8150.03,"New York, USA",iPhone,Public WiFi,0,0
246,8,2025-01-26 08:56:28,1046.26,Pay Bills,False,-1744.0,1046.26,"New York, USA",Windows Laptop,Mobile Network,0,0
247,9,2025-01-26 10:53:28,11767.48,Wire Transfer,True,-7667.0,4100.48,"Los Angeles, USA",Android,Public WiFi,0,0
248,10,2025-01-26 11:06:28,3670.92,Change Phone,True,0.0,3670.92,"Tokyo, Japan",iPhone,Mobile Network,0,0
249,12,2025-01-26 11:27:28,1672.54,Make Purchase,False,-23894.0,1672.54,"Berlin, Germany",MacBook,Home WiFi,1,0
250,13,2025-01-26 11:42:28,2865.6,Change Email,True,0.0,2865.6,"Tokyo, Japan",iPhone,Home WiFi,0,0
251,14,2025-01-26 11:51:28,3238.31,POS Purchase,True,-985.0,2253.31,"New York, USA",iPad,Public WiFi,0,0
252,16,2025-01-26 12:03:28,2725.7,Unauthorized Transfer,False,-7782.0,2725.7,"New York, USA",Android,Public WiFi,0,0
253,17,2025-01-26 12:21:28,13425.23,Close Account,True,0.0,13425.23,"New York, USA",Windows Laptop,Home WiFi,0,0
254,18,2025-01-26 12:31:28,2551.48,Online Purchase,True,-319.0,2232.48,"Berlin, Germany",MacBook,Mobile Network,0,0
255,19,2025-01-26 14:40:28,1087.93,Invest Money,False,-18491.0,1087.93,"Los Angeles, USA",MacBook,Public WiFi,0,0
256,20,2025-01-26 15:58:28,8539.97,Transfer Funds,True,-3154.0,5385.97,"New York, USA",iPhone,Public WiFi,0,0
257,23,2025-01-26 16:58:28,1302.58,Make Purchase,False,-39850.0,1302.58,"Berlin, Germany",iPhone,Corporate Network,0,0
258,25,2025-01-26 16:58:28,2164.33,Max Out Credit,False,-4700.0,2164.33,"New York, USA",MacBook,Public WiFi,0,0
259,27,2025-01-26 17:00:28,4218.88,Unauthorized Transfer,False,-5661.0,4218.88,"Los Angeles, USA",Windows Laptop,Public WiFi,0,0
260,29,2025-01-26 18:45:28,865.51,Make Purchase,True,-487.0,378.51,"New York, USA",Android,Home WiFi,0,0
261,32,2025-01-26 19:34:28,3763.88,Wire Transfer,False,-29475.0,3763.88,"Berlin, Germany",Windows Laptop,Home WiFi,0,0
262,0,2025-01-26 19:56:28,4134.1,Suspicious Login,True,0.0,4134.1,"Los Angeles, USA",iPhone,Public WiFi,0,0
263,1,2025-01-26 20:06:28,114.53,Online Purchase,False,-283.0,114.53,"Tokyo, Japan",iPhone,Mobile Network,0,0
264,2,2025-01-26 21:29:28,5561.48,Cash Withdrawal,True,-1540.0,4021.48,"Los Angeles, USA",Windows Laptop,Corporate Network,0,0
265,4,2025-01-26 21:45:28,4642.23,Create Fake Identity,True,0.0,4642.23,"New York, USA",iPhone,Home WiFi,0,0
266,6,2025-01-26 23:01:28,3945.18,Cash Withdrawal,True,-448.0,3497.18,"New York, USA",Windows Laptop,Mobile Network,0,0
267,7,2025-01-26 23:32:28,8150.03,Wire Transfer,True,-3671.0,4479.03,"London, UK",iPhone,Mobile Network,0,0
268,8,2025-01-27 01:58:28,1046.26,Pay Bills,False,-3606.0,1046.26,"London, UK",Windows Laptop,Corporate Network,0,0
269,9,2025-01-27 03:43:28,4100.48,Wire Transfer,True,-3157.0,943.48,"Paris, France",MacBook,Corporate Network,0,0
270,10,2025-01-27 04:08:28,3670.92,Change Phone,True,0.0,3670.92,"Berlin, Germany",Windows Laptop,Home WiFi,0,0
271,12,2025-01-27 04:54:28,1672.54,Apply for Credit Card,True,0.0,1672.54,"Berlin, Germany",iPad,Home WiFi,0,1
272,13,2025-01-27 04:55:28,2865.6,Unauthorized Transfer,True,-2783.0,82.6,"Los Angeles, USA",iPad,Public WiFi,0,0
273,14,2025-01-27 05:07:28,2253.31,Online Purchase,True,-222.0,2031.31,"London, UK",iPhone,Corporate Network,0,0
274,16,2025-01-27 05:29:28,2725.7,Unauthorized Transfer,True,-1710.0,1015.7,"New York, USA",Windows Laptop,Public WiFi,0,0
275,18,2025-01-27 05:37:28,2232.48,Balance Check,True,0.0,2232.48,"Paris, France",iPhone,Public WiFi,0,0
276,19,2025-01-27 06:52:28,1087.93,Invest Money,False,-45673.0,1087.93,"New York, USA",Linux PC,Home WiFi,0,0
277,20,2025-01-27 08:41:28,5385.97,Deposit Funds,True,1110.0,6495.97,"Los Angeles, USA",Android,Home WiFi,0,0
278,23,2025-01-27 09:18:28,1302.58,Make Purchase,False,-22507.0,1302.58,"Paris, France",MacBook,Corporate Network,0,0
279,25,2025-01-27 10:16:28,2164.33,Open Account,True,0.0,2164.33,"New York, USA",iPhone,Public WiFi,0,0
280,27,2025-01-27 10:45:28,4218.88,Close Account,True,0.0,4218.88,"Tokyo, Japan",Windows Laptop,Mobile Network,0,0
281,29,2025-01-27 10:55:28,378.51,Transfer Funds,False,-1441.0,378.51,"New York, USA",iPhone,Home WiFi,0,0
282,32,2025-01-27 12:15:28,3763.88,Deposit Funds,True,1304.0,5067.88,"Tokyo, Japan",iPhone,Home WiFi,0,0
283,0,2025-01-27 12:32:28,4134.1,Suspicious Login,True,0.0,4134.1,"New York, USA",iPhone,Corporate Network,0,0
284,1,2025-01-27 12:43:28,114.53,Report Lost Card,True,0.0,114.53,"Berlin, Germany",Android,Mobile Network,0,0
285,2,2025-01-27 13:06:28,4021.48,Invest in Assets,False,-6239.0,4021.48,"Los Angeles, USA",Windows Laptop,Public WiFi,0,0
286,4,2025-01-27 13:29:28,4642.23,Create Fake Identity,True,0.0,4642.23,"Los Angeles, USA",Android,Public WiFi,0,0
287,6,2025-01-27 15:26:28,3497.18,Wire Transfer,False,-32948.0,3497.18,"Tokyo, Japan",Windows Laptop,Home WiFi,0,0
288,7,2025-01-27 17:19:28,4479.03,Cash Withdrawal,False,-4970.0,4479.03,"London, UK",MacBook,Home WiFi,0,0
289,8,2025-01-27 18:49:28,1046.26,Pay Bills,False,-4097.0,1046.26,"Tokyo, Japan",Linux PC,Mobile Network,0,0
290,9,2025-01-27 20:48:28,943.48,Deposit Funds,True,5491.0,6434.48,"London, UK",Windows Laptop,Public WiFi,0,0
291,10,2025-01-27 20:57:28,3670.92,Change Password,True,0.0,3670.92,"Los Angeles, USA",Android,Home WiFi,0,1
292,12,2025-01-27 21:39:28,1672.54,Open Account,True,0.0,1672.54,"New York, USA",Android,Home WiFi,0,0
293,13,2025-01-27 21:44:28,82.6,Request New Card,True,0.0,82.6,"London, UK",Windows Laptop,Corporate Network,0,0
294,14,2025-01-27 21:56:28,2031.31,Request New PIN,True,0.0,2031.31,"Tokyo, Japan",iPhone,Mobile Network,0,0
295,16,2025-01-27 22:20:28,1015.7,Close Account,True,0.0,1015.7,"London, UK",Windows Laptop,Public WiFi,0,0
296,18,2025-01-27 22:33:28,2232.48,ATM Withdrawal,True,-620.0,1612.48,"London, UK",iPhone,Home WiFi,0,0
297,19,2025-01-28 01:00:28,1087.93,Review activityments,True,0.0,1087.93,"London, UK",Android,Mobile Network,0,0
298,20,2025-01-28 03:57:28,6495.97,Deposit Funds,True,5396.0,11891.97,"New York, USA",Windows Laptop,Mobile Network,0,0
299,23,2025-01-28 04:40:28,1302.58,Max Out Credit,False,-6572.0,1302.58,"New York, USA",iPhone,Public WiFi,0,0
300,25,2025-01-28 05:19:28,2164.33,Create Fake Identity,True,0.0,2164.33,"Los Angeles, USA",iPhone,Public WiFi,0,0
301,29,2025-01-28 07:15:28,378.51,Deposit Funds,True,2564.0,2942.51,"Los Angeles, USA",MacBook,Home WiFi,0,0
302,32,2025-01-28 07:23:28,5067.88,Wire Transfer,False,-17661.0,5067.88,"New York, USA",Windows Laptop,Home WiFi,0,0
303,0,2025-01-28 07:44:28,4134.1,Change Password,True,0.0,4134.1,"Los Angeles, USA",Windows Laptop,Corporate Network,0,0
304,1,2025-01-28 07:48:28,114.53,Report Lost Card,True,0.0,114.53,"New York, USA",Windows Laptop,Public WiFi,0,0
305,2,2025-01-28 09:37:28,4021.48,Deposit Funds,True,1896.0,5917.48,"Los Angeles, USA",Windows Laptop,Home WiFi,0,0
306,4,2025-01-28 09:45:28,4642.23,Create Fake Identity,True,0.0,4642.23,"New York, USA",Android,Home WiFi,0,0
307,6,2025-01-28 11:02:28,3497.18,Wire Transfer,False,-44977.0,3497.18,"Los Angeles, USA",Windows Laptop,Mobile Network,0,0
308,7,2025-01-28 11:21:28,4479.03,Cash Withdrawal,True,-3927.0,552.03,"Tokyo, Japan",iPhone,Public WiFi,0,0
309,8,2025-01-28 14:11:28,1046.26,Pay Bills,False,-2754.0,1046.26,"Berlin, Germany",iPhone,Home WiFi,0,0
310,9,2025-01-28 14:47:28,6434.48,Deposit Funds,True,8156.0,14590.48,"Los Angeles, USA",Android,Home WiFi,0,0
311,10,2025-01-28 14:53:28,3670.92,Change Email,True,0.0,3670.92,"New York, USA",iPhone,Home WiFi,0,0
312,12,2025-01-28 15:01:28,1672.54,Open Account,True,0.0,1672.54,"New York, USA",Android,Home WiFi,0,0
313,13,2025-01-28 15:17:28,82.6,Suspicious Login,True,0.0,82.6,"London, UK",Android,Mobile Network,1,1
314,14,2025-01-28 15:25:28,2031.31,Report Lost Card,True,0.0,2031.31,"Los Angeles, USA",Android,Mobile Network,0,0
315,18,2025-01-28 15:26:28,1612.48,POS Purchase,True,-330.0,1282.48,"Los Angeles, USA",iPhone,Corporate Network,0,0
316,19,2025-01-28 16:04:28,1087.93,Review activityments,True,0.0,1087.93,"Los Angeles, USA",MacBook,Home WiFi,0,1
317,20,2025-01-28 18:27:28,11891.97,Pay Bills,True,-1389.0,10502.97,"Los Angeles, USA",Android,Home WiFi,0,0
318,23,2025-01-28 18:36:28,1302.58,Max Out Credit,True,-618.0,684.58,"Los Angeles, USA",Android,Public WiFi,0,0
319,25,2025-01-28 19:09:28,2164.33,Create Fake Identity,True,0.0,2164.33,"Los Angeles, USA",iPhone,Corporate Network,0,0
320,29,2025-01-28 21:14:28,2942.51,Deposit Funds,True,8175.0,11117.51,"Tokyo, Japan",Windows Laptop,Home WiFi,0,0
321,32,2025-01-28 22:04:28,5067.88,Cash Withdrawal,True,-1153.0,3914.88,"Tokyo, Japan",Windows Laptop,Mobile Network,0,0
322,0,2025-01-28 22:21:28,4134.1,Change Password,True,0.0,4134.1,"Los Angeles, USA",iPhone,Public WiFi,0,0
323,1,2025-01-28 22:27:28,114.53,Balance Check,True,0.0,114.53,"New York, USA",iPhone,Corporate Network,0,0
324,2,2025-01-28 22:44:28,5917.48,Wire Transfer,False,-46752.0,5917.48,"London, UK",Android,Public WiFi,0,0
325,4,2025-01-28 23:27:28,4642.23,Create Fake Identity,True,0.0,4642.23,"Berlin, Germany",iPhone,Home WiFi,0,0
326,6,2025-01-28 23:37:28,3497.18,Wire Transfer,False,-46019.0,3497.18,"London, UK",iPhone,Mobile Network,0,0
327,7,2025-01-29 00:20:28,552.03,Invest in Assets,False,-10096.0,552.03,"Los Angeles, USA",MacBook,Home WiFi,1,0
328,8,2025-01-29 00:34:28,1046.26,Deposit Funds,True,6179.0,7225.26,"London, UK",Android,Home WiFi,0,0
329,9,2025-01-29 02:13:28,14590.48,Deposit Funds,True,9031.0,23621.48,"Berlin, Germany",Windows Laptop,Mobile Network,0,1
330,10,2025-01-29 02:28:28,3670.92,Change Email,True,0.0,3670.92,"Berlin, Germany",iPhone,Corporate Network,0,0
331,12,2025-01-29 02:36:28,1672.54,Open Account,True,0.0,1672.54,"New York, USA",Windows Laptop,Corporate Network,0,0
332,13,2025-01-29 02:41:28,82.6,Suspicious Login,True,0.0,82.6,"New York, USA",MacBook,Home WiFi,0,0
333,14,2025-01-29 02:53:28,2031.31,Request New PIN,True,0.0,2031.31,"London, UK",Windows Laptop,Corporate Network,0,0
334,18,2025-01-29 03:08:28,1282.48,Online Purchase,True,-311.0,971.48,"Tokyo, Japan",iPhone,Public WiFi,0,0
335,19,2025-01-29 04:29:28,1087.93,Review activityments,True,0.0,1087.93,"New York, USA",Android,Home WiFi,0,0
336,20,2025-01-29 06:37:28,10502.97,Make Purchase,True,-281.0,10221.97,"Los Angeles, USA",MacBook,Mobile Network,0,0
337,23,2025-01-29 06:51:28,684.58,Make Purchase,False,-4518.0,684.58,"New York, USA",Windows Laptop,Home WiFi,0,0
338,25,2025-01-29 06:53:28,2164.33,Create Fake Identity,True,0.0,2164.33,"Los Angeles, USA",iPhone,Public WiFi,0,0
339,29,2025-01-29 07:50:28,11117.51,Pay Bills,True,-1300.0,9817.51,"Los Angeles, USA",Windows Laptop,Home WiFi,0,0
340,32,2025-01-29 09:06:28,3914.88,Cash Withdrawal,True,-1314.0,2600.88,"London, UK",MacBook,Home WiFi,0,0
341,0,2025-01-29 09:36:28,4134.1,Change Password,True,0.0,4134.1,"Los Angeles, USA",Windows Laptop,Home WiFi,0,0
342,1,2025-01-29 09:49:28,114.53,Online Purchase,False,-237.0,114.53,"London, UK",Windows Laptop,Public WiFi,0,0
343,2,2025-01-29 09:55:28,5917.48,Deposit Funds,True,5759.0,11676.48,"London, UK",Windows Laptop,Home WiFi,0,0
344,4,2025-01-29 10:51:28,4642.23,Open Account,True,0.0,4642.23,"London, UK",MacBook,Mobile Network,0,0
345,6,2025-01-29 12:02:28,3497.18,Invest in Assets,False,-48942.0,3497.18,"London, UK",Linux PC,Home WiFi,0,0
346,7,2025-01-29 13:00:28,552.03,Invest in Assets,False,-17872.0,552.03,"Los Angeles, USA",Android,Public WiFi,0,0
347,8,2025-01-29 14:55:28,7225.26,Deposit Funds,True,8796.0,16021.26,"New York, USA",iPhone,Mobile Network,0,0
348,9,2025-01-29 16:16:28,23621.48,Wire Transfer,False,-33051.0,23621.48,"Los Angeles, USA",iPhone,Home WiFi,0,0
349,10,2025-01-29 16:32:28,3670.92,Suspicious Login,True,0.0,3670.92,"New York, USA",Windows Laptop,Public WiFi,0,0
350,12,2025-01-29 16:33:28,1672.54,Open Account,True,0.0,1672.54,"New York, USA",iPhone,Home WiFi,0,0
351,13,2025-01-29 16:58:28,82.6,Failed Login,True,0.0,82.6,"New York, USA",Android,Public WiFi,0,0
352,14,2025-01-29 16:58:28,2031.31,Report Lost Card,True,0.0,2031.31,"Los Angeles, USA",iPhone,Home WiFi,0,0
353,18,2025-01-29 17:12:28,971.48,Report Lost Card,True,0.0,971.48,"London, UK",iPhone,Mobile Network,0,0
354,19,2025-01-29 19:00:28,1087.93,Pay Bills,False,-3717.0,1087.93,"London, UK",iPhone,Public WiFi,0,0
355,20,2025-01-29 21:22:28,10221.97,Pay Bills,True,-2226.0,7995.97,"New York, USA",MacBook,Mobile Network,0,0
356,23,2025-01-29 22:09:28,684.58,Apply for Credit Card,True,0.0,684.58,"New York, USA",iPhone,Public WiFi,0,0
357,25,2025-01-29 22:39:28,2164.33,Create Fake Identity,True,0.0,2164.33,"London, UK",Linux PC,Home WiFi,0,0
358,29,2025-01-29 22:43:28,9817.51,Pay Bills,True,-4392.0,5425.51,"Los Angeles, USA",MacBook,Public WiFi,0,0
359,32,2025-01-30 00:26:28,2600.88,Cash Withdrawal,False,-3798.0,2600.88,"Los Angeles, USA",iPhone,Home WiFi,0,0
360,0,2025-01-30 00:45:28,4134.1,Unauthorized Transfer,False,-7177.0,4134.1,"Los Angeles, USA",iPhone,Corporate Network,0,0
361,1,2025-01-30 00:45:28,114.53,POS Purchase,False,-369.0,114.53,"Los Angeles, USA",iPhone,Corporate Network,0,0
362,2,2025-01-30 01:36:28,11676.48,Deposit Funds,True,2945.0,14621.48,"New York, USA",Android,Public WiFi,1,0
363,4,2025-01-30 02:06:28,4642.23,Make Purchase,False,-11751.0,4642.23,"New York, USA",MacBook,Public WiFi,0,0
364,6,2025-01-30 03:42:28,3497.18,Purchase Luxury Goods,False,-83458.0,3497.18,"Berlin, Germany",MacBook,Mobile Network,0,1
365,7,2025-01-30 05:05:28,552.03,Purchase Luxury Goods,False,-78013.0,552.03,"London, UK",MacBook,Home WiFi,0,0
366,8,2025-01-30 08:03:28,16021.26,Make Purchase,True,-335.0,15686.26,"Tokyo, Japan",Windows Laptop,Mobile Network,0,0
367,9,2025-01-30 09:23:28,23621.48,Wire Transfer,False,-23831.0,23621.48,"Tokyo, Japan",Android,Public WiFi,0,0
368,10,2025-01-30 09:36:28,3670.92,Suspicious Login,True,0.0,3670.92,"London, UK",Windows Laptop,Public WiFi,0,0
369,12,2025-01-30 10:02:28,1672.54,Open Account,True,0.0,1672.54,"Paris, France",iPhone,Home WiFi,0,0
370,13,2025-01-30 10:04:28,82.6,Suspicious Login,True,0.0,82.6,"London, UK",MacBook,Home WiFi,0,0
371,14,2025-01-30 10:05:28,2031.31,Online Purchase,True,-7.0,2024.31,"Tokyo, Japan",iPhone,Public WiFi,0,0
372,18,2025-01-30 10:19:28,971.48,Report Lost Card,True,0.0,971.48,"Los Angeles, USA",Windows Laptop,Home WiFi,0,0
373,19,2025-01-30 12:14:28,1087.93,Pay Bills,False,-2515.0,1087.93,"Tokyo, Japan",Android,Corporate Network,0,1
374,20,2025-01-30 14:43:28,7995.97,Pay Bills,True,-1654.0,6341.97,"Berlin, Germany",Android,Corporate Network,0,0
375,23,2025-01-30 14:49:28,684.58,Open Account,True,0.0,684.58,"Paris, France",Windows Laptop,Home WiFi,0,0
376,25,2025-01-30 15:46:28,2164.33,Open Account,True,0.0,2164.33,"New York, USA",Windows Laptop,Mobile Network,1,0
377,29,2025-01-30 17:05:28,5425.51,Pay Bills,True,-375.0,5050.51,"Paris, France",Linux PC,Home WiFi,0,0
378,32,2025-01-30 17:35:28,2600.88,Purchase Luxury Goods,False,-3804.0,2600.88,"London, UK",iPhone,Home WiFi,0,0
379,0,2025-01-30 17:47:28,4134.1,Unauthorized Transfer,True,-3169.0,965.1,"Tokyo, Japan",MacBook,Public WiFi,0,1
380,1,2025-01-30 17:57:28,114.53,POS Purchase,False,-687.0,114.53,"Los Angeles, USA",iPhone,Mobile Network,0,0
381,2,2025-01-30 19:39:28,14621.48,Purchase Luxury Goods,False,-95227.0,14621.48,"Los Angeles, USA",Windows Laptop,Mobile Network,0,0
382,4,2025-01-30 20:05:28,4642.23,Withdraw Funds,True,-721.0,3921.23,"London, UK",Windows Laptop,Home WiFi,0,0
383,6,2025-01-30 20:16:28,3497.18,Purchase Luxury Goods,False,-51239.0,3497.18,"New York, USA",iPhone,Home WiFi,0,0
384,7,2025-01-30 21:19:28,552.03,Purchase Luxury Goods,False,-89827.0,552.03,"New York, USA",Windows Laptop,Mobile Network,0,1
385,8,2025-01-30 22:41:28,15686.26,Make Purchase,True,-463.0,15223.26,"London, UK",iPhone,Home WiFi,0,0
386,9,2025-01-30 23:40:28,23621.48,Deposit Funds,True,6306.0,29927.48,"Los Angeles, USA",iPad,Home WiFi,0,0
387,10,2025-01-30 23:54:28,3670.92,Suspicious Login,True,0.0,3670.92,"Los Angeles, USA",Windows Laptop,Home WiFi,0,0
388,12,2025-01-31 00:50:28,1672.54,Open Account,True,0.0,1672.54,"Tokyo, Japan",Windows Laptop,Mobile Network,0,0
389,13,2025-01-31 01:01:28,82.6,Suspicious Login,True,0.0,82.6,"Paris, France",Windows Laptop,Corporate Network,0,0
390,14,2025-01-31 01:02:28,2024.31,POS Purchase,True,-779.0,1245.31,"New York, USA",Windows Laptop,Public WiFi,0,0
391,18,2025-01-31 01:07:28,971.48,Close Account,True,0.0,971.48,"Tokyo, Japan",MacBook,Home WiFi,0,1
392,19,2025-01-31 01:15:28,1087.93,Pay Bills,False,-2207.0,1087.93,"Los Angeles, USA",MacBook,Home WiFi,0,0
393,20,2025-01-31 01:41:28,6341.97,Deposit Funds,True,7266.0,13607.97,"London, UK",Android,Home WiFi,0,0
394,23,2025-01-31 01:41:28,684.58,Apply for Credit Card,True,0.0,684.58,"Paris, France",iPhone,Public WiFi,0,0
395,25,2025-01-31 02:05:28,2164.33,Apply for Credit Card,True,0.0,2164.33,"Los Angeles, USA",iPhone,Public WiFi,0,0
396,29,2025-01-31 02:24:28,5050.51,Pay Bills,True,-4317.0,733.51,"London, UK",iPhone,Mobile Network,0,0
397,32,2025-01-31 04:01:28,2600.88,Purchase Luxury Goods,False,-72599.0,2600.88,"New York, USA",Android,Mobile Network,0,0
398,0,2025-01-31 04:01:28,965.1,Unauthorized Transfer,False,-5516.0,965.1,"Tokyo, Japan",Windows Laptop,Home WiFi,0,0
399,1,2025-01-31 04:16:28,114.53,Online Purchase,False,-321.0,114.53,"Paris, France",Windows Laptop,Public WiFi,0,0
400,2,2025-01-31 04:55:28,14621.48,Cash Withdrawal,True,-452.0,14169.48,"New York, USA",Android,Public WiFi,0,0
401,4,2025-01-31 05:34:28,3921.23,Max Out Credit,True,-2615.0,1306.23,"New York, USA",Android,Mobile Network,0,0
402,6,2025-01-31 07:20:28,3497.18,Purchase Luxury Goods,False,-72575.0,3497.18,"Tokyo, Japan",iPhone,Mobile Network,1,0
403,7,2025-01-31 09:14:28,552.03,Invest in Assets,False,-1205.0,552.03,"Los Angeles, USA",Android,Home WiFi,0,0
404,8,2025-01-31 11:40:28,15223.26,Make Purchase,True,-810.0,14413.26,"Los Angeles, USA",Android,Mobile Network,0,0
405,9,2025-01-31 12:28:28,29927.48,Wire Transfer,True,-26074.0,3853.48,"Berlin, Germany",Android,Public WiFi,0,0
406,10,2025-01-31 12:40:28,3670.92,Failed Login,True,0.0,3670.92,"Tokyo, Japan",Linux PC,Corporate Network,0,1
407,12,2025-01-31 13:12:28,1672.54,Create Fake Identity,True,0.0,1672.54,"Tokyo, Japan",MacBook,Home WiFi,0,0
408,13,2025-01-31 13:42:28,82.6,Suspicious Login,True,0.0,82.6,"Paris, France",iPhone,Public WiFi,0,0
409,14,2025-01-31 13:42:28,1245.31,Close Account,True,0.0,1245.31,"Tokyo, Japan",iPhone,Home WiFi,0,0
410,19,2025-01-31 14:39:28,1087.93,Apply for Credit Card,True,0.0,1087.93,"Los Angeles, USA",Android,Mobile Network,0,0
411,20,2025-01-31 16:36:28,13607.97,Deposit Funds,True,5650.0,19257.97,"New York, USA",MacBook,Home WiFi,0,0
412,23,2025-01-31 17:19:28,684.58,Apply for Credit Card,True,0.0,684.58,"New York, USA",iPhone,Mobile Network,0,0
413,25,2025-01-31 17:36:28,2164.33,Open Account,True,0.0,2164.33,"Los Angeles, USA",Android,Mobile Network,0,0
414,29,2025-01-31 20:27:28,733.51,Apply for Credit Card,True,0.0,733.51,"Los Angeles, USA",Windows Laptop,Home WiFi,1,0
415,32,2025-01-31 21:41:28,2600.88,Purchase Luxury Goods,False,-20857.0,2600.88,"Tokyo, Japan",iPhone,Mobile Network,0,0
416,0,2025-01-31 22:07:28,965.1,Unauthorized Transfer,False,-7059.0,965.1,"Los Angeles, USA",iPhone,Public WiFi,0,0
417,1,2025-01-31 22:16:28,114.53,Online Purchase,False,-234.0,114.53,"Tokyo, Japan",iPhone,Mobile Network,0,1
418,2,2025-01-31 22:31:28,14169.48,Cash Withdrawal,True,-2941.0,11228.48,"New York, USA",Linux PC,Home WiFi,0,0
419,4,2025-01-31 22:49:28,1306.23,Max Out Credit,False,-7738.0,1306.23,"London, UK",MacBook,Public WiFi,0,0
420,6,2025-02-01 00:11:28,3497.18,Invest in Assets,False,-15364.0,3497.18,"Los Angeles, USA",Windows Laptop,Home WiFi,0,0
421,7,2025-02-01 02:11:28,552.03,Deposit Funds,True,7254.0,7806.03,"London, UK",iPhone,Public WiFi,0,0
422,8,2025-02-01 04:52:28,14413.26,Make Purchase,True,-318.0,14095.26,"Los Angeles, USA",Android,Home WiFi,0,0
423,9,2025-02-01 05:49:28,3853.48,Purchase Luxury Goods,False,-24403.0,3853.48,"New York, USA",iPhone,Mobile Network,0,0
424,10,2025-02-01 05:56:28,3670.92,Failed Login,True,0.0,3670.92,"Los Angeles, USA",Android,Home WiFi,0,0
425,12,2025-02-01 06:08:28,1672.54,Create Fake Identity,True,0.0,1672.54,"Tokyo, Japan",Android,Corporate Network,0,0
426,13,2025-02-01 06:16:28,82.6,Suspicious Login,True,0.0,82.6,"Tokyo, Japan",iPhone,Home WiFi,0,0
427,19,2025-02-01 07:52:28,1087.93,Apply for Credit Card,True,0.0,1087.93,"London, UK",Android,Mobile Network,0,0
428,20,2025-02-01 08:53:28,19257.97,Make Purchase,True,-87.0,19170.97,"Paris, France",iPhone,Home WiFi,0,0
429,23,2025-02-01 09:08:28,684.58,Max Out Credit,False,-1232.0,684.58,"New York, USA",iPhone,Home WiFi,0,0
430,25,2025-02-01 09:37:28,2164.33,Create Fake Identity,True,0.0,2164.33,"Los Angeles, USA",iPhone,Mobile Network,0,0
431,29,2025-02-01 11:39:28,733.51,Deposit Funds,True,9123.0,9856.51,"New York, USA",MacBook,Home WiFi,0,0
432,32,2025-02-01 12:55:28,2600.88,Purchase Luxury Goods,False,-60759.0,2600.88,"New York, USA",Android,Home WiFi,0,0
433,0,2025-02-01 13:07:28,965.1,Unauthorized Transfer,False,-2049.0,965.1,"Tokyo, Japan",Android,Mobile Network,0,0
434,1,2025-02-01 13:16:28,114.53,Online Purchase,False,-465.0,114.53,"Los Angeles, USA",Android,Home WiFi,0,0
435,2,2025-02-01 14:10:28,11228.48,Deposit Funds,True,4493.0,15721.48,"New York, USA",iPad,Home WiFi,0,0
436,4,2025-02-01 15:02:28,1306.23,Max Out Credit,True,-987.0,319.23,"New York, USA",Android,Mobile Network,0,0
437,6,2025-02-01 15:34:28,3497.18,Wire Transfer,False,-39438.0,3497.18,"Berlin, Germany",Windows Laptop,Home WiFi,0,0
438,7,2025-02-01 17:30:28,7806.03,Wire Transfer,False,-24657.0,7806.03,"Paris, France",iPhone,Home WiFi,0,0
439,8,2025-02-01 19:38:28,14095.26,Deposit Funds,True,2599.0,16694.26,"Berlin, Germany",Android,Public WiFi,0,0
440,9,2025-02-01 20:55:28,3853.48,Close Account,True,0.0,3853.48,"Tokyo, Japan",iPhone,Mobile Network,0,0
441,10,2025-02-01 21:17:28,3670.92,Suspicious Login,True,0.0,3670.92,"New York, USA",Android,Home WiFi,0,0
442,12,2025-02-01 21:25:28,1672.54,Create Fake Identity,True,0.0,1672.54,"Los Angeles, USA",MacBook,Home WiFi,0,0
443,13,2025-02-01 21:39:28,82.6,Change Email,True,0.0,82.6,"Paris, France",iPhone,Home WiFi,0,0
444,19,2025-02-01 23:26:28,1087.93,Make Purchase,True,-216.0,871.93,"New York, USA",MacBook,Public WiFi,0,1
445,20,2025-02-02 01:12:28,19170.97,Make Purchase,True,-179.0,18991.97,"Los Angeles, USA",Windows Laptop,Mobile Network,0,0
446,23,2025-02-02 02:07:28,684.58,Make Purchase,False,-18879.0,684.58,"Tokyo, Japan",iPhone,Public WiFi,0,0
447,25,2025-02-02 02:25:28,2164.33,Open Account,True,0.0,2164.33,"New York, USA",Android,Home WiFi,1,0
448,29,2025-02-02 05:15:28,9856.51,Pay Bills,True,-4106.0,5750.51,"New York, USA",MacBook,Corporate Network,0,0
449,32,2025-02-02 07:12:28,2600.88,Purchase Luxury Goods,False,-33708.0,2600.88,"New York, USA",iPhone,Public WiFi,0,0
450,0,2025-02-02 07:26:28,965.1,Change Phone,True,0.0,965.1,"London, UK",Android,Public WiFi,0,0
451,1,2025-02-02 07:36:28,114.53,POS Purchase,True,-1.0,113.53,"Tokyo, Japan",iPhone,Home WiFi,0,0
452,2,2025-02-02 07:51:28,15721.48,Purchase Luxury Goods,False,-73918.0,15721.48,"Paris, France",Android,Mobile Network,0,0
453,4,2025-02-02 07:57:28,319.23,Apply for Loan,True,0.0,319.23,"Tokyo, Japan",iPhone,Public WiFi,0,0
454,6,2025-02-02 09:15:28,3497.18,Invest in Assets,False,-13272.0,3497.18,"New York, USA",Android,Home WiFi,0,0
455,7,2025-02-02 10:03:28,7806.03,Invest in Assets,True,-5789.0,2017.03,"Paris, France",iPhone,Home WiFi,0,0
456,8,2025-02-02 11:11:28,16694.26,Deposit Funds,True,6940.0,23634.26,"New York, USA",Windows Laptop,Public WiFi,0,0
457,10,2025-02-02 11:34:28,3670.92,Suspicious Login,True,0.0,3670.92,"New York, USA",Windows Laptop,Public WiFi,0,0
458,12,2025-02-02 12:22:28,1672.54,Open Account,True,0.0,1672.54,"New York, USA",iPhone,Public WiFi,0,0
459,13,2025-02-02 12:43:28,82.6,Change Password,True,0.0,82.6,"New York, USA",Android,Public WiFi,0,1
460,19,2025-02-02 14:08:28,871.93,Make Purchase,True,-171.0,700.93,"Paris, France",MacBook,Corporate Network,0,0
461,20,2025-02-02 16:48:28,18991.97,Pay Bills,True,-2773.0,16218.97,"New York, USA",iPhone,Public WiFi,0,0
462,23,2025-02-02 17:01:28,684.58,Apply for Credit Card,True,0.0,684.58,"London, UK",iPhone,Home WiFi,0,0
463,25,2025-02-02 17:13:28,2164.33,Create Fake Identity,True,0.0,2164.33,"London, UK",MacBook,Home WiFi,0,0
464,29,2025-02-02 20:09:28,5750.51,Make Purchase,True,-649.0,5101.51,"Paris, France",Windows Laptop,Mobile Network,0,0
465,32,2025-02-02 20:35:28,2600.88,Close Account,True,0.0,2600.88,"New York, USA",iPhone,Home WiFi,1,0
466,0,2025-02-02 20:50:28,965.1,Change Phone,True,0.0,965.1,"Berlin, Germany",iPhone,Mobile Network,0,0
467,1,2025-02-02 20:54:28,113.53,Online Purchase,False,-458.0,113.53,"Los Angeles, USA",iPad,Mobile Network,0,0
468,2,2025-02-02 21:00:28,15721.48,Cash Withdrawal,True,-1727.0,13994.48,"Tokyo, Japan",Android,Public WiFi,0,0
469,4,2025-02-02 21:49:28,319.23,Create Fake Identity,True,0.0,319.23,"London, UK",MacBook,Mobile Network,0,0
470,6,2025-02-02 23:01:28,3497.18,Cash Withdrawal,False,-4500.0,3497.18,"Berlin, Germany",iPhone,Home WiFi,0,0
471,7,2025-02-02 23:37:28,2017.03,Close Account,True,0.0,2017.03,"New York, USA",iPhone,Home WiFi,0,0
472,8,2025-02-03 01:17:28,23634.26,Transfer Funds,True,-4300.0,19334.26,"Los Angeles, USA",Windows Laptop,Home WiFi,1,0
473,10,2025-02-03 01:23:28,3670.92,Suspicious Login,True,0.0,3670.92,"Tokyo, Japan",Windows Laptop,Home WiFi,0,0
474,12,2025-02-03 01:25:28,1672.54,Open Account,True,0.0,1672.54,"New York, USA",MacBook,Public WiFi,0,0
475,13,2025-02-03 01:42:28,82.6,Request New Card,True,0.0,82.6,"Paris, France",Windows Laptop,Home WiFi,0,0
476,19,2025-02-03 01:59:28,700.93,Make Purchase,True,-345.0,355.93,"Paris, France",Android,Home WiFi,0,0
477,20,2025-02-03 04:09:28,16218.97,Pay Bills,True,-1247.0,14971.97,"Los Angeles, USA",Android,Public WiFi,0,0
478,23,2025-02-03 04:58:28,684.58,Open Account,True,0.0,684.58,"Berlin, Germany",MacBook,Public WiFi,0,0
479,25,2025-02-03 05:20:28,2164.33,Apply for Credit Card,True,0.0,2164.33,"Berlin, Germany",Linux PC,Mobile Network,0,0
480,29,2025-02-03 05:50:28,5101.51,Transfer Funds,True,-3326.0,1775.51,"London, UK",Android,Public WiFi,0,0
481,0,2025-02-03 05:51:28,965.1,Change Email,True,0.0,965.1,"New York, USA",iPhone,Mobile Network,0,0
482,1,2025-02-03 05:52:28,113.53,Online Purchase,False,-369.0,113.53,"Los Angeles, USA",iPhone,Corporate Network,0,0
483,2,2025-02-03 07:36:28,13994.48,Cash Withdrawal,True,-1073.0,12921.48,"Los Angeles, USA",MacBook,Corporate Network,0,0
484,4,2025-02-03 08:18:28,319.23,Open Account,True,0.0,319.23,"Tokyo, Japan",iPhone,Public WiFi,0,0
485,6,2025-02-03 09:22:28,3497.18,Wire Transfer,False,-47830.0,3497.18,"Paris, France",Linux PC,Home WiFi,0,0
486,8,2025-02-03 10:25:28,19334.26,Deposit Funds,True,2408.0,21742.26,"New York, USA",Android,Home WiFi,0,0
487,10,2025-02-03 10:37:28,3670.92,Change Password,True,0.0,3670.92,"Los Angeles, USA",iPhone,Mobile Network,0,0
488,12,2025-02-03 10:45:28,1672.54,Create Fake Identity,True,0.0,1672.54,"Tokyo, Japan",Windows Laptop,Home WiFi,0,0
489,13,2025-02-03 10:57:28,82.6,Unauthorized Transfer,False,-7097.0,82.6,"Los Angeles, USA",Windows Laptop,Home WiFi,0,0
490,19,2025-02-03 13:43:28,355.93,Deposit Funds,True,703.0,1058.93,"New York, USA",Linux PC,Home WiFi,0,0
491,20,2025-02-03 14:41:28,14971.97,Pay Bills,True,-3149.0,11822.97,"New York, USA",Linux PC,Home WiFi,0,0
492,23,2025-02-03 15:13:28,684.58,Open Account,True,0.0,684.58,"Paris, France",MacBook,Home WiFi,0,0
493,25,2025-02-03 15:48:28,2164.33,Withdraw Funds,False,-3429.0,2164.33,"Los Angeles, USA",Windows Laptop,Corporate Network,0,0
494,29,2025-02-03 18:18:28,1775.51,Transfer Funds,False,-4965.0,1775.51,"Paris, France",Android,Home WiFi,0,0
495,0,2025-02-03 18:33:28,965.1,Change Email,True,0.0,965.1,"New York, USA",MacBook,Corporate Network,0,0
496,1,2025-02-03 18:45:28,113.53,Request New PIN,True,0.0,113.53,"Los Angeles, USA",Linux PC,Home WiFi,0,0
497,2,2025-02-03 19:06:28,12921.48,Invest in Assets,False,-13026.0,12921.48,"Los Angeles, USA",iPhone,Mobile Network,0,0
498,4,2025-02-03 19:31:28,319.23,Open Account,True,0.0,319.23,"Tokyo, Japan",iPhone,Public WiFi,1,0
499,6,2025-02-03 20:19:28,3497.18,Deposit Funds,True,5949.0,9446.18,"New York, USA",Android,Public WiFi,0,0
500,8,2025-02-03 22:25:28,21742.26,Deposit Funds,True,2611.0,24353.26,"Paris, France",Android,Corporate Network,0,0
501,10,2025-02-03 22:39:28,3670.92,Change Password,True,0.0,3670.92,"Paris, France",iPhone,Home WiFi,0,0
502,12,2025-02-03 22:45:28,1672.54,Open Account,True,0.0,1672.54,"London, UK",Linux PC,Home WiFi,0,0
503,13,2025-02-03 22:51:28,82.6,Unauthorized Transfer,False,-6990.0,82.6,"Los Angeles, USA",Android,Corporate Network,0,0
504,19,2025-02-04 01:29:28,1058.93,Deposit Funds,True,2727.0,3785.93,"Los Angeles, USA",iPhone,Public WiFi,0,0
505,20,2025-02-04 04:21:28,11822.97,Transfer Funds,True,-1695.0,10127.97,"Los Angeles, USA",Android,Home WiFi,0,0
506,23,2025-02-04 05:15:28,684.58,Make Purchase,False,-1553.0,684.58,"Los Angeles, USA",Android,Public WiFi,1,0
507,25,2025-02-04 06:12:28,2164.33,Withdraw Funds,False,-4637.0,2164.33,"New York, USA",Windows Laptop,Public WiFi,0,0
508,29,2025-02-04 09:12:28,1775.51,Transfer Funds,True,-29.0,1746.51,"London, UK",iPhone,Home WiFi,0,0
509,0,2025-02-04 09:15:28,965.1,Change Phone,True,0.0,965.1,"Los Angeles, USA",MacBook,Corporate Network,0,0
510,1,2025-02-04 09:19:28,113.53,POS Purchase,False,-203.0,113.53,"Tokyo, Japan",iPhone,Public WiFi,1,0
511,2,2025-02-04 09:46:28,12921.48,Invest in Assets,True,-10724.0,2197.48,"New York, USA",iPhone,Home WiFi,0,0
512,4,2025-02-04 10:23:28,319.23,Create Fake Identity,True,0.0,319.23,"London, UK",Windows Laptop,Public WiFi,0,0
513,6,2025-02-04 11:13:28,9446.18,Deposit Funds,True,8598.0,18044.18,"Los Angeles, USA",iPhone,Home WiFi,0,0
514,8,2025-02-04 12:38:28,24353.26,Deposit Funds,True,577.0,24930.26,"Tokyo, Japan",MacBook,Home WiFi,0,0
515,10,2025-02-04 13:00:28,3670.92,Change Password,True,0.0,3670.92,"New York, USA",Android,Home WiFi,0,0
516,12,2025-02-04 13:10:28,1672.54,Create Fake Identity,True,0.0,1672.54,"New York, USA",iPhone,Home WiFi,0,0
517,13,2025-02-04 13:10:28,82.6,Change Phone,True,0.0,82.6,"Los Angeles, USA",Linux PC,Public WiFi,0,0
518,19,2025-02-04 16:05:28,3785.93,Deposit Funds,True,9551.0,13336.93,"Los Angeles, USA",iPhone,Home WiFi,0,0
519,20,2025-02-04 18:55:28,10127.97,Apply for Loan,True,0.0,10127.97,"London, UK",MacBook,Home WiFi,0,0
520,23,2025-02-04 19:16:28,684.58,Apply for Credit Card,True,0.0,684.58,"Berlin, Germany",iPhone,Corporate Network,0,0
521,25,2025-02-04 19:55:28,2164.33,Close Account,True,0.0,2164.33,"Tokyo, Japan",iPhone,Home WiFi,0,0
522,29,2025-02-04 22:12:28,1746.51,Invest Money,False,-13346.0,1746.51,"Los Angeles, USA",Android,Home WiFi,0,0
523,0,2025-02-04 22:14:28,965.1,Request New Card,True,0.0,965.1,"London, UK",MacBook,Mobile Network,0,0
524,1,2025-02-04 22:27:28,113.53,Online Purchase,True,-93.0,20.53,"Los Angeles, USA",iPhone,Home WiFi,1,0
525,2,2025-02-04 23:28:28,2197.48,Deposit Funds,True,3605.0,5802.48,"London, UK",Android,Corporate Network,0,0
526,4,2025-02-05 00:17:28,319.23,Open Account,True,0.0,319.23,"Los Angeles, USA",Android,Public WiFi,0,0
527,6,2025-02-05 01:37:28,18044.18,Cash Withdrawal,True,-3291.0,14753.18,"New York, USA",Android,Home WiFi,0,0
528,8,2025-02-05 03:58:28,24930.26,Deposit Funds,True,797.0,25727.26,"New York, USA",MacBook,Public WiFi,0,0
529,10,2025-02-05 04:12:28,3670.92,Change Phone,True,0.0,3670.92,"Paris, France",iPad,Mobile Network,0,0
530,12,2025-02-05 04:44:28,1672.54,Apply for Loan,True,0.0,1672.54,"Los Angeles, USA",iPhone,Public WiFi,0,0
531,13,2025-02-05 05:00:28,82.6,Change Email,True,0.0,82.6,"Tokyo, Japan",Linux PC,Public WiFi,0,0
532,19,2025-02-05 06:20:28,13336.93,Review activityments,True,0.0,13336.93,"Tokyo, Japan",iPhone,Home WiFi,0,0
533,20,2025-02-05 07:07:28,10127.97,Apply for Loan,True,0.0,10127.97,"New York, USA",iPad,Public WiFi,0,0
534,23,2025-02-05 07:24:28,684.58,Create Fake Identity,True,0.0,684.58,"London, UK",Android,Home WiFi,0,0
535,29,2025-02-05 10:18:28,1746.51,Invest Money,False,-45440.0,1746.51,"Los Angeles, USA",iPhone,Home WiFi,0,0
536,0,2025-02-05 10:46:28,965.1,Unauthorized Transfer,False,-6994.0,965.1,"Paris, France",Android,Public WiFi,0,0
537,1,2025-02-05 10:58:28,20.53,POS Purchase,False,-580.0,20.53,"Berlin, Germany",Android,Corporate Network,0,0
538,2,2025-02-05 12:15:28,5802.48,Cash Withdrawal,True,-1015.0,4787.48,"Los Angeles, USA",Android,Public WiFi,0,0
539,4,2025-02-05 12:59:28,319.23,Make Purchase,False,-31490.0,319.23,"New York, USA",iPhone,Mobile Network,0,0
540,6,2025-02-05 13:18:28,14753.18,Purchase Luxury Goods,False,-19229.0,14753.18,"Paris, France",Android,Public WiFi,0,0
541,8,2025-02-05 15:18:28,25727.26,Make Purchase,True,-941.0,24786.26,"Tokyo, Japan",MacBook,Corporate Network,0,0
542,10,2025-02-05 15:41:28,3670.92,Change Phone,True,0.0,3670.92,"Berlin, Germany",Windows Laptop,Corporate Network,0,0
543,12,2025-02-05 16:16:28,1672.54,Open Account,True,0.0,1672.54,"New York, USA",Android,Home WiFi,0,0
544,13,2025-02-05 16:20:28,82.6,Request New Card,True,0.0,82.6,"London, UK",Android,Public WiFi,0,0
545,19,2025-02-05 17:15:28,13336.93,Make Purchase,True,-495.0,12841.93,"Los Angeles, USA",iPhone,Corporate Network,0,0
546,20,2025-02-05 17:49:28,10127.97,Invest Money,False,-33084.0,10127.97,"Los Angeles, USA",MacBook,Public WiFi,0,0
547,23,2025-02-05 18:26:28,684.58,Open Account,True,0.0,684.58,"Paris, France",Android,Mobile Network,0,0
548,29,2025-02-05 20:28:28,1746.51,Invest Money,True,-880.0,866.51,"Tokyo, Japan",iPhone,Corporate Network,0,0
549,0,2025-02-05 20:40:28,965.1,Unauthorized Transfer,False,-1139.0,965.1,"Paris, France",Linux PC,Mobile Network,0,0
550,1,2025-02-05 20:41:28,20.53,Close Account,True,0.0,20.53,"Los Angeles, USA",MacBook,Home WiFi,0,0
551,2,2025-02-05 20:47:28,4787.48,Wire Transfer,False,-12252.0,4787.48,"Berlin, Germany",Android,Mobile Network,0,0
552,4,2025-02-05 21:26:28,319.23,Withdraw Funds,False,-3927.0,319.23,"Berlin, Germany",iPhone,Mobile Network,0,0
553,6,2025-02-05 23:01:28,14753.18,Purchase Luxury Goods,False,-68758.0,14753.18,"Los Angeles, USA",Windows Laptop,Public WiFi,0,0
554,8,2025-02-05 23:46:28,24786.26,Deposit Funds,True,1954.0,26740.26,"New York, USA",Windows Laptop,Corporate Network,0,0
555,10,2025-02-06 00:12:28,3670.92,Change Email,True,0.0,3670.92,"Paris, France",Windows Laptop,Mobile Network,0,0
556,12,2025-02-06 00:53:28,1672.54,Apply for Credit Card,True,0.0,1672.54,"Paris, France",iPhone,Home WiFi,0,0
557,13,2025-02-06 01:14:28,82.6,Request New Card,True,0.0,82.6,"New York, USA",Windows Laptop,Mobile Network,0,0
558,19,2025-02-06 02:56:28,12841.93,Make Purchase,True,-547.0,12294.93,"London, UK",iPhone,Home WiFi,0,0
559,20,2025-02-06 03:28:28,10127.97,Invest Money,False,-12392.0,10127.97,"New York, USA",Windows Laptop,Home WiFi,0,0
560,23,2025-02-06 03:28:28,684.58,Apply for Loan,True,0.0,684.58,"London, UK",MacBook,Public WiFi,0,1
561,29,2025-02-06 04:48:28,866.51,Apply for Loan,True,0.0,866.51,"Berlin, Germany",Linux PC,Home WiFi,1,0
562,0,2025-02-06 04:56:28,965.1,Change Phone,True,0.0,965.1,"New York, USA",iPad,Public WiFi,0,0
563,2,2025-02-06 06:51:28,4787.48,Deposit Funds,True,8213.0,13000.48,"Paris, France",Android,Home WiFi,0,0
564,4,2025-02-06 07:47:28,319.23,Apply for Credit Card,True,0.0,319.23,"New York, USA",MacBook,Home WiFi,0,0
565,6,2025-02-06 08:44:28,14753.18,Close Account,True,0.0,14753.18,"Tokyo, Japan",Android,Public WiFi,0,0
566,8,2025-02-06 09:24:28,26740.26,Pay Bills,True,-1008.0,25732.26,"Tokyo, Japan",iPhone,Public WiFi,0,0
567,10,2025-02-06 09:27:28,3670.92,Change Phone,True,0.0,3670.92,"Los Angeles, USA",Android,Home WiFi,0,0
568,12,2025-02-06 09:54:28,1672.54,Apply for Credit Card,True,0.0,1672.54,"Berlin, Germany",iPhone,Home WiFi,0,0
569,13,2025-02-06 10:00:28,82.6,Change Phone,True,0.0,82.6,"New York, USA",iPad,Home WiFi,0,0
570,19,2025-02-06 11:17:28,12294.93,Make Purchase,True,-944.0,11350.93,"New York, USA",Android,Public WiFi,1,0
571,20,2025-02-06 12:17:28,10127.97,Pay Bills,True,-4173.0,5954.97,"New York, USA",Android,Public WiFi,0,0
572,23,2025-02-06 12:24:28,684.58,Make Purchase,False,-31591.0,684.58,"Los Angeles, USA",Android,Home WiFi,0,0
573,29,2025-02-06 14:33:28,866.51,Apply for Loan,True,0.0,866.51,"London, UK",Windows Laptop,Home WiFi,0,0
574,0,2025-02-06 14:45:28,965.1,Change Email,True,0.0,965.1,"New York, USA",Windows Laptop,Home WiFi,0,0
575,2,2025-02-06 16:29:28,13000.48,Deposit Funds,True,3000.0,16000.48,"New York, USA",iPhone,Home WiFi,0,0
576,4,2025-02-06 17:19:28,319.23,Open Account,True,0.0,319.23,"Tokyo, Japan",Windows Laptop,Public WiFi,0,0
577,8,2025-02-06 19:22:28,25732.26,Apply for Credit Card,True,0.0,25732.26,"London, UK",Windows Laptop,Home WiFi,0,0
578,10,2025-02-06 19:23:28,3670.92,Change Email,True,0.0,3670.92,"Los Angeles, USA",Android,Public WiFi,0,0
579,12,2025-02-06 19:55:28,1672.54,Open Account,True,0.0,1672.54,"Tokyo, Japan",iPhone,Home WiFi,0,0
580,13,2025-02-06 20:00:28,82.6,Request New Card,True,0.0,82.6,"Berlin, Germany",Android,Public WiFi,0,0
581,19,2025-02-06 22:15:28,11350.93,Invest Money,False,-49138.0,11350.93,"Paris, France",iPhone,Public WiFi,0,0
582,20,2025-02-07 01:01:28,5954.97,Make Purchase,True,-911.0,5043.97,"London, UK",MacBook,Mobile Network,0,0
583,23,2025-02-07 01:20:28,684.58,Apply for Credit Card,True,0.0,684.58,"Berlin, Germany",iPhone,Public WiFi,0,0
584,29,2025-02-07 02:51:28,866.51,Pay Bills,False,-4593.0,866.51,"Berlin, Germany",MacBook,Public WiFi,0,0
585,0,2025-02-07 03:11:28,965.1,Change Phone,True,0.0,965.1,"New York, USA",MacBook,Home WiFi,0,0
586,2,2025-02-07 05:01:28,16000.48,Wire Transfer,True,-9626.0,6374.48,"Tokyo, Japan",Android,Corporate Network,1,0
587,4,2025-02-07 05:16:28,319.23,Apply for Loan,True,0.0,319.23,"Los Angeles, USA",Android,Home WiFi,1,0
588,8,2025-02-07 08:01:28,25732.26,Pay Bills,True,-3316.0,22416.26,"London, UK",Android,Public WiFi,0,0
589,10,2025-02-07 08:15:28,3670.92,Change Phone,True,0.0,3670.92,"Berlin, Germany",iPhone,Mobile Network,0,0
590,12,2025-02-07 08:19:28,1672.54,Apply for Loan,True,0.0,1672.54,"Berlin, Germany",iPhone,Home WiFi,0,0
591,13,2025-02-07 08:33:28,82.6,Request New Card,True,0.0,82.6,"New York, USA",iPhone,Home WiFi,0,0
592,19,2025-02-07 10:41:28,11350.93,Invest Money,False,-32108.0,11350.93,"New York, USA",iPhone,Public WiFi,0,0
593,20,2025-02-07 11:09:28,5043.97,Apply for Loan,True,0.0,5043.97,"Los Angeles, USA",Android,Public WiFi,0,0
594,23,2025-02-07 11:32:28,684.58,Create Fake Identity,True,0.0,684.58,"Los Angeles, USA",iPhone,Home WiFi,0,1
595,29,2025-02-07 13:18:28,866.51,Pay Bills,False,-1573.0,866.51,"Los Angeles, USA",iPhone,Home WiFi,0,0
596,0,2025-02-07 13:25:28,965.1,Suspicious Login,True,0.0,965.1,"New York, USA",Android,Public WiFi,0,0
597,2,2025-02-07 14:26:28,6374.48,Wire Transfer,False,-47272.0,6374.48,"New York, USA",Windows Laptop,Public WiFi,0,0
598,4,2025-02-07 15:02:28,319.23,Apply for Loan,True,0.0,319.23,"New York, USA",Windows Laptop,Home WiFi,0,0
599,8,2025-02-07 17:28:28,22416.26,Pay Bills,True,-418.0,21998.26,"London, UK",Android,Public WiFi,0,0
600,10,2025-02-07 17:38:28,3670.92,Change Phone,True,0.0,3670.92,"New York, USA",iPhone,Home WiFi,0,0
601,12,2025-02-07 18:37:28,1672.54,Apply for Loan,True,0.0,1672.54,"New York, USA",Android,Corporate Network,0,0
602,13,2025-02-07 19:05:28,82.6,Request New Card,True,0.0,82.6,"New York, USA",iPhone,Mobile Network,0,0
603,19,2025-02-07 21:40:28,11350.93,Invest Money,False,-29636.0,11350.93,"Tokyo, Japan",iPhone,Home WiFi,0,0
604,20,2025-02-08 00:39:28,5043.97,Invest Money,False,-8518.0,5043.97,"Berlin, Germany",iPhone,Public WiFi,0,0
605,23,2025-02-08 01:24:28,684.58,Apply for Loan,True,0.0,684.58,"New York, USA",iPhone,Public WiFi,0,0
606,29,2025-02-08 03:32:28,866.51,Review activityments,True,0.0,866.51,"London, UK",Windows Laptop,Home WiFi,0,0
607,0,2025-02-08 03:51:28,965.1,Suspicious Login,True,0.0,965.1,"Los Angeles, USA",Windows Laptop,Corporate Network,0,0
608,2,2025-02-08 04:00:28,6374.48,Close Account,True,0.0,6374.48,"London, UK",iPhone,Home WiFi,0,0
609,4,2025-02-08 04:22:28,319.23,Apply for Loan,True,0.0,319.23,"Tokyo, Japan",MacBook,Mobile Network,0,0
610,8,2025-02-08 04:45:28,21998.26,Deposit Funds,True,4870.0,26868.26,"New York, USA",Android,Mobile Network,0,0
611,10,2025-02-08 04:46:28,3670.92,Request New Card,True,0.0,3670.92,"London, UK",Android,Mobile Network,0,0
612,12,2025-02-08 04:55:28,1672.54,Create Fake Identity,True,0.0,1672.54,"Berlin, Germany",Windows Laptop,Corporate Network,0,0
613,13,2025-02-08 04:56:28,82.6,Change Email,True,0.0,82.6,"Paris, France",Android,Home WiFi,0,0
614,19,2025-02-08 05:15:28,11350.93,Invest Money,False,-22828.0,11350.93,"New York, USA",Android,Mobile Network,0,0
615,20,2025-02-08 07:21:28,5043.97,Review activityments,True,0.0,5043.97,"New York, USA",Windows Laptop,Public WiFi,0,0
616,23,2025-02-08 08:18:28,684.58,Open Account,True,0.0,684.58,"London, UK",Android,Home WiFi,0,1
617,29,2025-02-08 10:12:28,866.51,Pay Bills,True,-233.0,633.51,"New York, USA",Android,Home WiFi,0,0
618,0,2025-02-08 10:15:28,965.1,Suspicious Login,True,0.0,965.1,"Los Angeles, USA",MacBook,Home WiFi,0,0
619,4,2025-02-08 11:14:28,319.23,Apply for Loan,True,0.0,319.23,"Los Angeles, USA",Windows Laptop,Mobile Network,0,0
620,8,2025-02-08 12:54:28,26868.26,Deposit Funds,True,5397.0,32265.26,"New York, USA",iPhone,Public WiFi,0,0
621,10,2025-02-08 12:57:28,3670.92,Unauthorized Transfer,True,-2787.0,883.92,"Paris, France",Windows Laptop,Public WiFi,0,0
622,12,2025-02-08 13:14:28,1672.54,Open Account,True,0.0,1672.54,"New York, USA",MacBook,Home WiFi,0,0
623,13,2025-02-08 13:31:28,82.6,Change Phone,True,0.0,82.6,"New York, USA",MacBook,Corporate Network,0,0
624,19,2025-02-08 15:21:28,11350.93,Pay Bills,True,-1981.0,9369.93,"Los Angeles, USA",Linux PC,Home WiFi,0,0
625,20,2025-02-08 17:18:28,5043.97,Apply for Loan,True,0.0,5043.97,"New York, USA",Android,Home WiFi,0,0
626,23,2025-02-08 17:52:28,684.58,Open Account,True,0.0,684.58,"New York, USA",Linux PC,Home WiFi,0,0
627,29,2025-02-08 19:21:28,633.51,Make Purchase,True,-581.0,52.51,"Los Angeles, USA",iPhone,Corporate Network,0,0
628,0,2025-02-08 19:23:28,965.1,Unauthorized Transfer,False,-9911.0,965.1,"Paris, France",Linux PC,Public WiFi,0,0
629,4,2025-02-08 19:23:28,319.23,Apply for Loan,True,0.0,319.23,"Tokyo, Japan",iPhone,Public WiFi,0,0
630,8,2025-02-08 19:23:28,32265.26,Deposit Funds,True,1546.0,33811.26,"Los Angeles, USA",iPhone,Mobile Network,0,0
631,10,2025-02-08 19:24:28,883.92,Change Password,True,0.0,883.92,"Los Angeles, USA",MacBook,Public WiFi,0,1
632,12,2025-02-08 20:11:28,1672.54,Apply for Credit Card,True,0.0,1672.54,"Paris, France",MacBook,Home WiFi,0,0
633,13,2025-02-08 20:11:28,82.6,Change Email,True,0.0,82.6,"Berlin, Germany",iPad,Corporate Network,0,0
634,19,2025-02-08 22:05:28,9369.93,Pay Bills,True,-1909.0,7460.93,"London, UK",Windows Laptop,Public WiFi,0,0
635,20,2025-02-09 00:08:28,5043.97,Make Purchase,True,-984.0,4059.97,"London, UK",MacBook,Home WiFi,0,0
636,23,2025-02-09 00:24:28,684.58,Make Purchase,False,-4012.0,684.58,"Paris, France",Android,Public WiFi,0,0
637,29,2025-02-09 00:44:28,52.51,Deposit Funds,True,1577.0,1629.51,"Tokyo, Japan",Windows Laptop,Public WiFi,0,0
638,0,2025-02-09 00:49:28,965.1,Change Phone,True,0.0,965.1,"New York, USA",Windows Laptop,Mobile Network,0,0
639,4,2025-02-09 01:43:28,319.23,Apply for Loan,True,0.0,319.23,"Tokyo, Japan",iPhone,Public WiFi,0,0
640,8,2025-02-09 03:55:28,33811.26,Review activityments,True,0.0,33811.26,"New York, USA",Android,Home WiFi,0,0
641,10,2025-02-09 04:08:28,883.92,Change Email,True,0.0,883.92,"Paris, France",Android,Home WiFi,0,0
642,12,2025-02-09 04:53:28,1672.54,Open Account,True,0.0,1672.54,"New York, USA",iPhone,Home WiFi,0,0
643,13,2025-02-09 05:15:28,82.6,Request New Card,True,0.0,82.6,"New York, USA",iPad,Public WiFi,0,0
644,19,2025-02-09 07:12:28,7460.93,Deposit Funds,True,1527.0,8987.93,"Los Angeles, USA",iPad,Mobile Network,0,0
645,20,2025-02-09 08:59:28,4059.97,Transfer Funds,True,-112.0,3947.97,"Paris, France",Linux PC,Public WiFi,0,0
646,23,2025-02-09 09:32:28,684.58,Apply for Credit Card,True,0.0,684.58,"London, UK",iPhone,Home WiFi,0,0
647,29,2025-02-09 09:48:28,1629.51,Transfer Funds,False,-3286.0,1629.51,"New York, USA",iPhone,Public WiFi,0,0
648,0,2025-02-09 09:51:28,965.1,Change Phone,True,0.0,965.1,"Tokyo, Japan",Linux PC,Home WiFi,0,0
649,4,2025-02-09 10:26:28,319.23,Apply for Loan,True,0.0,319.23,"Los Angeles, USA",iPhone,Public WiFi,0,0
650,8,2025-02-09 11:44:28,33811.26,Review activityments,True,0.0,33811.26,"Tokyo, Japan",Android,Mobile Network,0,0
651,10,2025-02-09 12:13:28,883.92,Unauthorized Transfer,False,-2291.0,883.92,"Berlin, Germany",MacBook,Home WiFi,0,0
652,12,2025-02-09 12:40:28,1672.54,Open Account,True,0.0,1672.54,"Tokyo, Japan",iPhone,Public WiFi,0,0
653,13,2025-02-09 12:54:28,82.6,Request New Card,True,0.0,82.6,"London, UK",iPad,Home WiFi,0,0
654,19,2025-02-09 15:15:28,8987.93,Invest Money,False,-21300.0,8987.93,"New York, USA",Windows Laptop,Public WiFi,0,0
655,20,2025-02-09 15:35:28,3947.97,Deposit Funds,True,8481.0,12428.97,"Berlin, Germany",Windows Laptop,Home WiFi,0,1
656,23,2025-02-09 15:54:28,684.58,Apply for Credit Card,True,0.0,684.58,"Tokyo, Japan",iPhone,Mobile Network,0,0
657,29,2025-02-09 15:58:28,1629.51,Deposit Funds,True,4975.0,6604.51,"Tokyo, Japan",iPhone,Public WiFi,0,0
658,0,2025-02-09 16:23:28,965.1,Change Phone,True,0.0,965.1,"London, UK",Android,Public WiFi,0,0
659,4,2025-02-09 16:59:28,319.23,Open Account,True,0.0,319.23,"London, UK",Android,Home WiFi,0,0
660,8,2025-02-09 18:26:28,33811.26,Review activityments,True,0.0,33811.26,"New York, USA",iPhone,Home WiFi,0,0
661,10,2025-02-09 18:37:28,883.92,Close Account,True,0.0,883.92,"Tokyo, Japan",iPhone,Home WiFi,0,0
662,12,2025-02-09 19:30:28,1672.54,Open Account,True,0.0,1672.54,"London, UK",iPhone,Corporate Network,0,0
663,13,2025-02-09 19:43:28,82.6,Change Phone,True,0.0,82.6,"Los Angeles, USA",iPhone,Home WiFi,0,0
664,19,2025-02-09 21:05:28,8987.93,Close Account,True,0.0,8987.93,"Tokyo, Japan",iPhone,Public WiFi,0,0
665,20,2025-02-09 22:51:28,12428.97,Deposit Funds,True,6141.0,18569.97,"Los Angeles, USA",Android,Home WiFi,0,0
666,23,2025-02-09 23:51:28,684.58,Open Account,True,0.0,684.58,"Paris, France",Windows Laptop,Mobile Network,0,0
667,29,2025-02-10 02:23:28,6604.51,Apply for Credit Card,True,0.0,6604.51,"New York, USA",iPad,Home WiFi,0,0
668,0,2025-02-10 02:35:28,965.1,Change Phone,True,0.0,965.1,"New York, USA",Android,Home WiFi,0,0
669,4,2025-02-10 03:31:28,319.23,Apply for Credit Card,True,0.0,319.23,"Berlin, Germany",Android,Corporate Network,0,0
670,8,2025-02-10 04:34:28,33811.26,Close Account,True,0.0,33811.26,"London, UK",iPhone,Home WiFi,0,0
671,12,2025-02-10 04:50:28,1672.54,Create Fake Identity,True,0.0,1672.54,"Tokyo, Japan",iPhone,Home WiFi,0,0
672,13,2025-02-10 05:06:28,82.6,Change Phone,True,0.0,82.6,"London, UK",Windows Laptop,Public WiFi,0,0
673,20,2025-02-10 06:54:28,18569.97,Deposit Funds,True,409.0,18978.97,"Los Angeles, USA",iPhone,Corporate Network,0,0
674,23,2025-02-10 07:54:28,684.58,Open Account,True,0.0,684.58,"Los Angeles, USA",Windows Laptop,Public WiFi,0,0
675,29,2025-02-10 09:19:28,6604.51,Apply for Loan,True,0.0,6604.51,"London, UK",MacBook,Public WiFi,0,0
676,0,2025-02-10 09:20:28,965.1,Change Phone,True,0.0,965.1,"New York, USA",Android,Public WiFi,0,0
677,4,2025-02-10 09:52:28,319.23,Apply for Credit Card,True,0.0,319.23,"Berlin, Germany",MacBook,Mobile Network,0,0
678,12,2025-02-10 09:52:28,1672.54,Open Account,True,0.0,1672.54,"Paris, France",Android,Public WiFi,0,0
679,13,2025-02-10 10:01:28,82.6,Request New Card,True,0.0,82.6,"New York, USA",Windows Laptop,Public WiFi,0,0
680,20,2025-02-10 10:14:28,18978.97,Transfer Funds,True,-4250.0,14728.97,"London, UK",Android,Home WiFi,0,0
681,23,2025-02-10 11:04:28,684.58,Open Account,True,0.0,684.58,"Los Angeles, USA",MacBook,Mobile Network,0,0
682,29,2025-02-10 12:17:28,6604.51,Make Purchase,True,-752.0,5852.51,"New York, USA",Android,Home WiFi,0,0
683,0,2025-02-10 12:20:28,965.1,Change Phone,True,0.0,965.1,"Paris, France",MacBook,Public WiFi,0,0
684,4,2025-02-10 12:23:28,319.23,Apply for Credit Card,True,0.0,319.23,"New York, USA",Windows Laptop,Home WiFi,0,0
685,12,2025-02-10 12:58:28,1672.54,Create Fake Identity,True,0.0,1672.54,"Paris, France",iPhone,Public WiFi,0,0
686,13,2025-02-10 13:09:28,82.6,Change Email,True,0.0,82.6,"Berlin, Germany",iPhone,Home WiFi,0,0
687,20,2025-02-10 15:42:28,14728.97,Make Purchase,True,-881.0,13847.97,"Tokyo, Japan",Windows Laptop,Home WiFi,0,0
688,23,2025-02-10 15:59:28,684.58,Apply for Credit Card,True,0.0,684.58,"New York, USA",Android,Home WiFi,0,0
689,29,2025-02-10 16:27:28,5852.51,Pay Bills,True,-4049.0,1803.51,"London, UK",Windows Laptop,Home WiFi,0,0
690,0,2025-02-10 16:48:28,965.1,Suspicious Login,True,0.0,965.1,"Tokyo, Japan",MacBook,Mobile Network,1,0
691,4,2025-02-10 16:59:28,319.23,Apply for Credit Card,True,0.0,319.23,"New York, USA",Windows Laptop,Public WiFi,0,0
692,12,2025-02-10 17:10:28,1672.54,Create Fake Identity,True,0.0,1672.54,"Los Angeles, USA",Windows Laptop,Home WiFi,0,0
693,13,2025-02-10 17:36:28,82.6,Change Email,True,0.0,82.6,"Los Angeles, USA",Windows Laptop,Public WiFi,0,0
694,20,2025-02-10 19:22:28,13847.97,Make Purchase,True,-742.0,13105.97,"London, UK",Android,Mobile Network,1,0
695,23,2025-02-10 20:05:28,684.58,Create Fake Identity,True,0.0,684.58,"Berlin, Germany",MacBook,Home WiFi,0,0
696,29,2025-02-10 20:38:28,1803.51,Pay Bills,True,-514.0,1289.51,"New York, USA",iPhone,Public WiFi,0,0
697,0,2025-02-10 20:42:28,965.1,Change Password,True,0.0,965.1,"New York, USA",iPhone,Public WiFi,0,0
698,4,2025-02-10 20:59:28,319.23,Create Fake Identity,True,0.0,319.23,"Paris, France",Android,Public WiFi,0,0
699,12,2025-02-10 21:39:28,1672.54,Apply for Loan,True,0.0,1672.54,"New York, USA",Android,Home WiFi,0,0
700,13,2025-02-10 22:08:28,82.6,Change Email,True,0.0,82.6,"Tokyo, Japan",MacBook,Mobile Network,0,0
701,20,2025-02-11 00:59:28,13105.97,Pay Bills,True,-1323.0,11782.97,"Tokyo, Japan",iPhone,Public WiFi,0,0
702,23,2025-02-11 01:52:28,684.58,Create Fake Identity,True,0.0,684.58,"Los Angeles, USA",MacBook,Home WiFi,0,0
703,29,2025-02-11 03:36:28,1289.51,Deposit Funds,True,7842.0,9131.51,"Berlin, Germany",Windows Laptop,Mobile Network,1,0
704,0,2025-02-11 03:54:28,965.1,Change Password,True,0.0,965.1,"New York, USA",iPad,Public WiFi,0,1
705,4,2025-02-11 04:33:28,319.23,Open Account,True,0.0,319.23,"New York, USA",Windows Laptop,Home WiFi,0,0
706,12,2025-02-11 04:39:28,1672.54,Close Account,True,0.0,1672.54,"Los Angeles, USA",iPhone,Mobile Network,0,0
707,13,2025-02-11 04:41:28,82.6,Change Password,True,0.0,82.6,"London, UK",iPhone,Public WiFi,0,0
708,20,2025-02-11 06:05:28,11782.97,Pay Bills,True,-845.0,10937.97,"London, UK",Android,Public WiFi,0,0
709,23,2025-02-11 06:47:28,684.58,Create Fake Identity,True,0.0,684.58,"Los Angeles, USA",iPhone,Corporate Network,0,0
710,29,2025-02-11 08:04:28,9131.51,Pay Bills,True,-4320.0,4811.51,"Los Angeles, USA",Windows Laptop,Mobile Network,0,0
711,0,2025-02-11 08:19:28,965.1,Change Phone,True,0.0,965.1,"New York, USA",Windows Laptop,Home WiFi,0,0
712,4,2025-02-11 08:28:28,319.23,Apply for Credit Card,True,0.0,319.23,"New York, USA",iPhone,Home WiFi,0,0
713,13,2025-02-11 08:46:28,82.6,Change Password,True,0.0,82.6,"Paris, France",iPhone,Mobile Network,0,0
714,20,2025-02-11 11:30:28,10937.97,Pay Bills,True,-1120.0,9817.97,"Paris, France",iPhone,Home WiFi,0,0
715,23,2025-02-11 11:50:28,684.58,Create Fake Identity,True,0.0,684.58,"Tokyo, Japan",Android,Home WiFi,0,0
716,29,2025-02-11 11:55:28,4811.51,Apply for Loan,True,0.0,4811.51,"Los Angeles, USA",iPhone,Public WiFi,0,0
717,0,2025-02-11 12:19:28,965.1,Change Phone,True,0.0,965.1,"New York, USA",Android,Corporate Network,0,0
718,4,2025-02-11 12:27:28,319.23,Apply for Credit Card,True,0.0,319.23,"Paris, France",Windows Laptop,Mobile Network,0,0
719,13,2025-02-11 12:31:28,82.6,Change Password,True,0.0,82.6,"Tokyo, Japan",iPhone,Home WiFi,0,0
720,20,2025-02-11 15:17:28,9817.97,Pay Bills,True,-1108.0,8709.97,"Los Angeles, USA",iPhone,Corporate Network,0,0
721,23,2025-02-11 16:03:28,684.58,Apply for Loan,True,0.0,684.58,"New York, USA",iPhone,Public WiFi,0,0
722,29,2025-02-11 16:47:28,4811.51,Apply for Loan,True,0.0,4811.51,"Paris, France",Linux PC,Corporate Network,0,0
723,0,2025-02-11 16:55:28,965.1,Change Email,True,0.0,965.1,"New York, USA",Android,Home WiFi,0,0
724,4,2025-02-11 16:59:28,319.23,Create Fake Identity,True,0.0,319.23,"Tokyo, Japan",MacBook,Public WiFi,0,0
725,13,2025-02-11 17:04:28,82.6,Request New Card,True,0.0,82.6,"Los Angeles, USA",Windows Laptop,Corporate Network,0,0
726,20,2025-02-11 18:06:28,8709.97,Review activityments,True,0.0,8709.97,"New York, USA",MacBook,Home WiFi,0,0
727,23,2025-02-11 18:33:28,684.58,Apply for Credit Card,True,0.0,684.58,"Tokyo, Japan",iPhone,Home WiFi,0,0
728,29,2025-02-11 20:21:28,4811.51,Apply for Loan,True,0.0,4811.51,"Paris, France",iPhone,Home WiFi,0,0
729,0,2025-02-11 20:26:28,965.1,Change Email,True,0.0,965.1,"Berlin, Germany",iPhone,Mobile Network,0,0
730,4,2025-02-11 21:13:28,319.23,Open Account,True,0.0,319.23,"New York, USA",Windows Laptop,Home WiFi,0,0
731,13,2025-02-11 21:38:28,82.6,Change Phone,True,0.0,82.6,"Paris, France",Windows Laptop,Home WiFi,0,0
732,20,2025-02-11 22:22:28,8709.97,Review activityments,True,0.0,8709.97,"New York, USA",MacBook,Mobile Network,1,0
733,23,2025-02-11 22:43:28,684.58,Open Account,True,0.0,684.58,"London, UK",iPad,Public WiFi,0,0
734,29,2025-02-11 22:57:28,4811.51,Apply for Loan,True,0.0,4811.51,"Tokyo, Japan",Android,Public WiFi,0,0
735,0,2025-02-11 23:16:28,965.1,Change Email,True,0.0,965.1,"New York, USA",Windows Laptop,Public WiFi,0,0
736,4,2025-02-11 23:35:28,319.23,Create Fake Identity,True,0.0,319.23,"Paris, France",Android,Home WiFi,0,0
737,13,2025-02-12 00:05:28,82.6,Change Phone,True,0.0,82.6,"London, UK",Windows Laptop,Mobile Network,1,0
738,20,2025-02-12 00:18:28,8709.97,Invest Money,False,-32539.0,8709.97,"New York, USA",Android,Home WiFi,0,0
739,23,2025-02-12 01:13:28,684.58,Open Account,True,0.0,684.58,"Paris, France",Linux PC,Public WiFi,0,1
740,29,2025-02-12 01:38:28,4811.51,Close Account,True,0.0,4811.51,"New York, USA",Android,Home WiFi,0,0
741,0,2025-02-12 01:56:28,965.1,Change Email,True,0.0,965.1,"Tokyo, Japan",iPad,Home WiFi,0,0
742,4,2025-02-12 02:01:28,319.23,Apply for Credit Card,True,0.0,319.23,"Paris, France",iPhone,Public WiFi,0,0
743,13,2025-02-12 02:25:28,82.6,Suspicious Login,True,0.0,82.6,"New York, USA",Android,Home WiFi,0,0
744,20,2025-02-12 04:48:28,8709.97,Invest Money,False,-48603.0,8709.97,"Los Angeles, USA",iPad,Public WiFi,0,0
745,23,2025-02-12 05:00:28,684.58,Open Account,True,0.0,684.58,"Los Angeles, USA",Android,Home WiFi,0,0
746,0,2025-02-12 05:04:28,965.1,Change Phone,True,0.0,965.1,"Tokyo, Japan",Android,Home WiFi,0,0
747,4,2025-02-12 06:03:28,319.23,Make Purchase,False,-41542.0,319.23,"Tokyo, Japan",Windows Laptop,Home WiFi,0,0
748,13,2025-02-12 06:08:28,82.6,Change Password,True,0.0,82.6,"London, UK",iPhone,Corporate Network,0,0
749,20,2025-02-12 06:46:28,8709.97,Pay Bills,True,-3510.0,5199.97,"Berlin, Germany",iPad,Mobile Network,0,0
750,23,2025-02-12 07:33:28,684.58,Open Account,True,0.0,684.58,"Los Angeles, USA",MacBook,Home WiFi,0,0
751,0,2025-02-12 07:53:28,965.1,Change Email,True,0.0,965.1,"Tokyo, Japan",Windows Laptop,Home WiFi,1,0
752,4,2025-02-12 08:12:28,319.23,Make Purchase,False,-32667.0,319.23,"New York, USA",MacBook,Corporate Network,0,0
753,13,2025-02-12 08:17:28,82.6,Change Password,True,0.0,82.6,"New York, USA",Linux PC,Home WiFi,0,0
754,20,2025-02-12 08:40:28,5199.97,Pay Bills,True,-3657.0,1542.97,"London, UK",Android,Home WiFi,0,0
755,23,2025-02-12 08:57:28,684.58,Open Account,True,0.0,684.58,"London, UK",Android,Home WiFi,0,0
756,0,2025-02-12 09:03:28,965.1,Change Email,True,0.0,965.1,"Paris, France",Android,Public WiFi,0,0
757,4,2025-02-12 09:32:28,319.23,Open Account,True,0.0,319.23,"New York, USA",Windows Laptop,Home WiFi,0,0
758,13,2025-02-12 09:47:28,82.6,Change Email,True,0.0,82.6,"New York, USA",Windows Laptop,Public WiFi,0,0
759,20,2025-02-12 10:44:28,1542.97,Make Purchase,True,-730.0,812.97,"London, UK",iPad,Home WiFi,0,1
760,23,2025-02-12 11:40:28,684.58,Apply for Loan,True,0.0,684.58,"New York, USA",Android,Home WiFi,0,0
761,0,2025-02-12 12:08:28,965.1,Change Email,True,0.0,965.1,"Tokyo, Japan",iPhone,Corporate Network,0,0
762,4,2025-02-12 12:52:28,319.23,Apply for Loan,True,0.0,319.23,"Los Angeles, USA",Windows Laptop,Home WiFi,0,0
763,13,2025-02-12 13:06:28,82.6,Unauthorized Transfer,False,-4569.0,82.6,"New York, USA",iPad,Home WiFi,0,0
764,20,2025-02-12 15:36:28,812.97,Transfer Funds,False,-1386.0,812.97,"Berlin, Germany",MacBook,Home WiFi,0,0
765,23,2025-02-12 16:05:28,684.58,Max Out Credit,False,-6188.0,684.58,"Paris, France",iPhone,Public WiFi,0,0
766,0,2025-02-12 16:20:28,965.1,Suspicious Login,True,0.0,965.1,"Tokyo, Japan",iPhone,Home WiFi,0,0
767,4,2025-02-12 16:34:28,319.23,Apply for Loan,True,0.0,319.23,"New York, USA",iPhone,Home WiFi,0,0
768,13,2025-02-12 16:58:28,82.6,Unauthorized Transfer,False,-6637.0,82.6,"New York, USA",Android,Corporate Network,0,0
769,20,2025-02-12 17:55:28,812.97,Transfer Funds,True,-533.0,279.97,"Tokyo, Japan",Windows Laptop,Home WiFi,0,0
770,23,2025-02-12 18:18:28,684.58,Open Account,True,0.0,684.58,"Tokyo, Japan",iPhone,Home WiFi,0,0
771,0,2025-02-12 18:44:28,965.1,Change Email,True,0.0,965.1,"Los Angeles, USA",Android,Home WiFi,0,0
772,4,2025-02-12 18:52:28,319.23,Max Out Credit,False,-6599.0,319.23,"London, UK",iPhone,Mobile Network,0,0
773,13,2025-02-12 18:54:28,82.6,Close Account,True,0.0,82.6,"New York, USA",Windows Laptop,Mobile Network,0,0
774,20,2025-02-12 20:02:28,279.97,Deposit Funds,True,2407.0,2686.97,"London, UK",iPhone,Mobile Network,0,0
775,23,2025-02-12 20:03:28,684.58,Open Account,True,0.0,684.58,"Tokyo, Japan",Linux PC,Home WiFi,0,0
776,0,2025-02-12 20:33:28,965.1,Change Email,True,0.0,965.1,"Berlin, Germany",iPhone,Corporate Network,0,0
777,4,2025-02-12 20:41:28,319.23,Apply for Loan,True,0.0,319.23,"Paris, France",iPhone,Public WiFi,0,0
778,20,2025-02-12 23:29:28,2686.97,Apply for Credit Card,True,0.0,2686.97,"Los Angeles, USA",Android,Home WiFi,0,0
779,23,2025-02-12 23:40:28,684.58,Apply for Credit Card,True,0.0,684.58,"Tokyo, Japan",Android,Home WiFi,0,0
780,0,2025-02-13 00:04:28,965.1,Change Phone,True,0.0,965.1,"New York, USA",Android,Public WiFi,0,0
781,4,2025-02-13 00:46:28,319.23,Close Account,True,0.0,319.23,"New York, USA",MacBook,Mobile Network,0,0
782,20,2025-02-13 03:23:28,2686.97,Apply for Credit Card,True,0.0,2686.97,"London, UK",iPhone,Corporate Network,0,0
783,23,2025-02-13 04:22:28,684.58,Apply for Loan,True,0.0,684.58,"New York, USA",MacBook,Home WiFi,0,0
784,0,2025-02-13 04:35:28,965.1,Change Phone,True,0.0,965.1,"New York, USA",iPad,Home WiFi,0,0
785,20,2025-02-13 06:52:28,2686.97,Make Purchase,True,-919.0,1767.97,"London, UK",Android,Public WiFi,0,0
786,23,2025-02-13 07:26:28,684.58,Apply for Credit Card,True,0.0,684.58,"London, UK",Windows Laptop,Home WiFi,0,0
787,0,2025-02-13 07:48:28,965.1,Request New Card,True,0.0,965.1,"New York, USA",Windows Laptop,Mobile Network,0,0
788,20,2025-02-13 09:02:28,1767.97,Pay Bills,False,-3698.0,1767.97,"Los Angeles, USA",MacBook,Mobile Network,0,0
789,23,2025-02-13 09:31:28,684.58,Open Account,True,0.0,684.58,"Los Angeles, USA",Windows Laptop,Home WiFi,0,0
790,0,2025-02-13 09:38:28,965.1,Close Account,True,0.0,965.1,"London, UK",Android,Public WiFi,0,0
791,20,2025-02-13 09:57:28,1767.97,Make Purchase,True,-896.0,871.97,"New York, USA",Windows Laptop,Home WiFi,0,0
792,23,2025-02-13 10:51:28,684.58,Apply for Loan,True,0.0,684.58,"New York, USA",iPhone,Public WiFi,0,0
793,20,2025-02-13 10:51:28,871.97,Pay Bills,False,-1656.0,871.97,"New York, USA",iPhone,Mobile Network,0,0
794,23,2025-02-13 11:34:28,684.58,Apply for Loan,True,0.0,684.58,"New York, USA",Windows Laptop,Home WiFi,0,0
795,20,2025-02-13 11:46:28,871.97,Pay Bills,True,-373.0,498.97,"New York, USA",iPhone,Home WiFi,0,0
796,23,2025-02-13 12:10:28,684.58,Apply for Loan,True,0.0,684.58,"New York, USA",Android,Public WiFi,0,0
797,20,2025-02-13 12:43:28,498.97,Pay Bills,False,-3054.0,498.97,"New York, USA",MacBook,Home WiFi,0,0
798,23,2025-02-13 13:21:28,684.58,Apply for Loan,True,0.0,684.58,"Tokyo, Japan",Android,Mobile Network,0,0
799,20,2025-02-13 15:08:28,498.97,Pay Bills,False,-4592.0,498.97,"New York, USA",iPhone,Home WiFi,0,0
800,23,2025-02-13 15:09:28,684.58,Make Purchase,False,-1861.0,684.58,"Los Angeles, USA",Windows Laptop,Mobile Network,0,1
801,20,2025-02-13 17:54:28,498.97,Pay Bills,False,-4065.0,498.97,"Los Angeles, USA",MacBook,Public WiFi,0,0
802,23,2025-02-13 18:27:28,684.58,Apply for Credit Card,True,0.0,684.58,"New York, USA",Windows Laptop,Mobile Network,0,0
803,20,2025-02-13 20:44:28,498.97,Make Purchase,True,-262.0,236.97,"Berlin, Germany",MacBook,Home WiFi,0,0
804,23,2025-02-13 21:01:28,684.58,Apply for Credit Card,True,0.0,684.58,"London, UK",iPhone,Corporate Network,0,0
805,20,2025-02-13 22:08:28,236.97,Make Purchase,False,-357.0,236.97,"Los Angeles, USA",Android,Home WiFi,0,0
806,23,2025-02-13 22:25:28,684.58,Open Account,True,0.0,684.58,"Paris, France",Android,Home WiFi,0,1
807,20,2025-02-13 22:51:28,236.97,Make Purchase,False,-687.0,236.97,"Paris, France",Windows Laptop,Mobile Network,0,0
808,23,2025-02-13 23:18:28,684.58,Apply for Credit Card,True,0.0,684.58,"Los Angeles, USA",MacBook,Home WiFi,0,0
809,20,2025-02-13 23:33:28,236.97,Transfer Funds,False,-4373.0,236.97,"Berlin, Germany",iPad,Home WiFi,0,0
810,23,2025-02-13 23:51:28,684.58,Apply for Credit Card,True,0.0,684.58,"Tokyo, Japan",Android,Home WiFi,0,0
811,20,2025-02-14 02:08:28,236.97,Deposit Funds,True,7404.0,7640.97,"Los Angeles, USA",iPhone,Home WiFi,1,0
812,23,2025-02-14 03:01:28,684.58,Apply for Credit Card,True,0.0,684.58,"Los Angeles, USA",Windows Laptop,Public WiFi,0,0
813,20,2025-02-14 03:57:28,7640.97,Make Purchase,True,-988.0,6652.97,"Los Angeles, USA",MacBook,Home WiFi,0,0
814,23,2025-02-14 04:48:28,684.58,Apply for Credit Card,True,0.0,684.58,"Berlin, Germany",iPad,Mobile Network,0,0
815,20,2025-02-14 06:52:28,6652.97,Pay Bills,True,-4554.0,2098.97,"New York, USA",iPhone,Home WiFi,0,0
816,23,2025-02-14 06:54:28,684.58,Make Purchase,False,-10230.0,684.58,"Paris, France",iPhone,Mobile Network,0,0
817,20,2025-02-14 07:02:28,2098.97,Pay Bills,False,-4225.0,2098.97,"London, UK",iPhone,Mobile Network,0,0
818,23,2025-02-14 07:05:28,684.58,Apply for Credit Card,True,0.0,684.58,"London, UK",iPhone,Home WiFi,0,0
819,20,2025-02-14 08:52:28,2098.97,Deposit Funds,True,3512.0,5610.97,"Los Angeles, USA",iPhone,Public WiFi,0,0
820,23,2025-02-14 09:23:28,684.58,Create Fake Identity,True,0.0,684.58,"Los Angeles, USA",Android,Home WiFi,0,0
821,20,2025-02-14 11:08:28,5610.97,Make Purchase,True,-268.0,5342.97,"New York, USA",iPhone,Home WiFi,0,0
822,23,2025-02-14 11:26:28,684.58,Apply for Credit Card,True,0.0,684.58,"Berlin, Germany",iPhone,Home WiFi,0,0
823,20,2025-02-14 12:33:28,5342.97,Make Purchase,True,-653.0,4689.97,"New York, USA",iPad,Public WiFi,0,0
824,23,2025-02-14 12:45:28,684.58,Open Account,True,0.0,684.58,"Los Angeles, USA",Android,Public WiFi,0,0
825,20,2025-02-14 15:02:28,4689.97,Apply for Loan,True,0.0,4689.97,"Paris, France",iPhone,Home WiFi,0,0
826,23,2025-02-14 15:18:28,684.58,Open Account,True,0.0,684.58,"Los Angeles, USA",Android,Public WiFi,0,0
827,20,2025-02-14 17:42:28,4689.97,Apply for Loan,True,0.0,4689.97,"Berlin, Germany",Linux PC,Mobile Network,0,0
828,23,2025-02-14 18:25:28,684.58,Apply for Loan,True,0.0,684.58,"London, UK",Windows Laptop,Home WiFi,0,0
829,20,2025-02-14 21:17:28,4689.97,Pay Bills,True,-4142.0,547.97,"Berlin, Germany",Windows Laptop,Public WiFi,0,0
830,23,2025-02-14 22:05:28,684.58,Apply for Loan,True,0.0,684.58,"Tokyo, Japan",iPhone,Mobile Network,0,0
831,20,2025-02-15 00:17:28,547.97,Deposit Funds,True,8980.0,9527.97,"Berlin, Germany",Windows Laptop,Public WiFi,0,0
832,23,2025-02-15 00:57:28,684.58,Make Purchase,False,-22933.0,684.58,"New York, USA",Linux PC,Home WiFi,0,0
833,20,2025-02-15 03:05:28,9527.97,Deposit Funds,True,5205.0,14732.97,"London, UK",iPhone,Corporate Network,0,1
834,23,2025-02-15 03:41:28,684.58,Create Fake Identity,True,0.0,684.58,"New York, USA",iPhone,Home WiFi,0,0
835,20,2025-02-15 06:36:28,14732.97,Deposit Funds,True,3020.0,17752.97,"New York, USA",MacBook,Home WiFi,0,0
836,23,2025-02-15 06:44:28,684.58,Create Fake Identity,True,0.0,684.58,"New York, USA",iPhone,Public WiFi,0,0
837,20,2025-02-15 09:42:28,17752.97,Pay Bills,True,-278.0,17474.97,"Paris, France",Android,Home WiFi,0,0
838,23,2025-02-15 10:12:28,684.58,Open Account,True,0.0,684.58,"Berlin, Germany",MacBook,Home WiFi,0,0
839,20,2025-02-15 11:56:28,17474.97,Pay Bills,True,-1737.0,15737.97,"London, UK",Windows Laptop,Public WiFi,0,1
840,23,2025-02-15 12:35:28,684.58,Apply for Credit Card,True,0.0,684.58,"London, UK",Android,Corporate Network,0,0
841,20,2025-02-15 14:13:28,15737.97,Deposit Funds,True,8426.0,24163.97,"New York, USA",Android,Corporate Network,0,0
842,23,2025-02-15 14:32:28,684.58,Max Out Credit,False,-8329.0,684.58,"London, UK",iPhone,Home WiFi,0,0
843,20,2025-02-15 15:23:28,24163.97,Pay Bills,True,-2458.0,21705.97,"Tokyo, Japan",Linux PC,Mobile Network,0,0
844,23,2025-02-15 15:36:28,684.58,Apply for Loan,True,0.0,684.58,"London, UK",Android,Public WiFi,0,0
845,20,2025-02-15 18:24:28,21705.97,Pay Bills,True,-3218.0,18487.97,"Berlin, Germany",Android,Corporate Network,0,0
846,23,2025-02-15 19:11:28,684.58,Apply for Credit Card,True,0.0,684.58,"Berlin, Germany",iPhone,Corporate Network,0,0
847,20,2025-02-15 21:30:28,18487.97,Pay Bills,True,-1327.0,17160.97,"Los Angeles, USA",iPhone,Home WiFi,0,0
848,23,2025-02-15 22:29:28,684.58,Apply for Loan,True,0.0,684.58,"Tokyo, Japan",Android,Mobile Network,0,1
849,20,2025-02-15 22:43:28,17160.97,Pay Bills,True,-553.0,16607.97,"New York, USA",iPhone,Mobile Network,0,0
850,23,2025-02-15 23:16:28,684.58,Make Purchase,False,-30339.0,684.58,"Los Angeles, USA",iPhone,Home WiFi,1,0
851,20,2025-02-16 01:56:28,16607.97,Transfer Funds,True,-2211.0,14396.97,"Los Angeles, USA",iPhone,Public WiFi,0,0
852,23,2025-02-16 02:19:28,684.58,Make Purchase,False,-9828.0,684.58,"New York, USA",iPhone,Public WiFi,0,0
853,20,2025-02-16 03:29:28,14396.97,Invest Money,True,-997.0,13399.97,"Los Angeles, USA",Windows Laptop,Public WiFi,0,0
854,23,2025-02-16 03:32:28,684.58,Make Purchase,False,-42155.0,684.58,"Berlin, Germany",Windows Laptop,Home WiFi,1,0
855,20,2025-02-16 05:13:28,13399.97,Invest Money,False,-17190.0,13399.97,"Los Angeles, USA",iPhone,Home WiFi,0,0
856,23,2025-02-16 05:24:28,684.58,Close Account,True,0.0,684.58,"New York, USA",Android,Home WiFi,0,0
857,20,2025-02-16 06:32:28,13399.97,Invest Money,False,-15059.0,13399.97,"Tokyo, Japan",MacBook,Home WiFi,0,0
858,20,2025-02-16 08:17:28,13399.97,Transfer Funds,True,-3353.0,10046.97,"New York, USA",iPhone,Mobile Network,0,0
859,20,2025-02-16 10:36:28,10046.97,Make Purchase,True,-96.0,9950.97,"Los Angeles, USA",iPhone,Corporate Network,0,0
860,20,2025-02-16 11:21:28,9950.97,Make Purchase,True,-440.0,9510.97,"London, UK",Linux PC,Home WiFi,0,0
861,20,2025-02-16 13:20:28,9510.97,Pay Bills,True,-395.0,9115.97,"New York, USA",iPhone,Public WiFi,0,1
862,20,2025-02-16 14:20:28,9115.97,Make Purchase,True,-604.0,8511.97,"Paris, France",Windows Laptop,Public WiFi,0,0
863,20,2025-02-16 15:10:28,8511.97,Make Purchase,True,-424.0,8087.97,"Los Angeles, USA",MacBook,Public WiFi,0,0
864,20,2025-02-16 16:26:28,8087.97,Pay Bills,True,-792.0,7295.97,"New York, USA",Android,Home WiFi,0,0
865,20,2025-02-16 16:27:28,7295.97,Pay Bills,True,-4547.0,2748.97,"Los Angeles, USA",Android,Public WiFi,1,0
866,20,2025-02-16 17:11:28,2748.97,Make Purchase,True,-965.0,1783.97,"New York, USA",iPad,Public WiFi,0,0
867,20,2025-02-16 19:45:28,1783.97,Pay Bills,False,-4473.0,1783.97,"New York, USA",MacBook,Mobile Network,0,0
868,20,2025-02-16 21:28:28,1783.97,Pay Bills,False,-3227.0,1783.97,"New York, USA",Android,Public WiFi,0,0
869,20,2025-02-16 23:31:28,1783.97,Pay Bills,False,-2146.0,1783.97,"London, UK",MacBook,Home WiFi,0,0
870,20,2025-02-17 02:20:28,1783.97,Review activityments,True,0.0,1783.97,"Paris, France",Android,Public WiFi,1,0
871,20,2025-02-17 05:08:28,1783.97,Review activityments,True,0.0,1783.97,"Tokyo, Japan",MacBook,Home WiFi,0,1
872,20,2025-02-17 05:53:28,1783.97,Close Account,True,0.0,1783.97,"New York, USA",iPad,Public WiFi,0,0
