,agent_id,timestamp,initial_balance,type,granted,amount,balance,location,device,network,compromised_device,compromised_network
0,0,2025-01-18 22:54:46,3775.67,Unauthorized Transfer,False,-4786.0,3775.67,"Tokyo, Japan",iPhone,Public WiFi,0,0
1,0,2025-01-18 23:19:46,3775.67,Change Phone,True,0.0,3775.67,"Berlin, Germany",iPhone,Home WiFi,0,0
2,0,2025-01-18 23:24:46,3775.67,Change Email,True,0.0,3775.67,"Paris, France",Windows Laptop,Mobile Network,0,0
3,0,2025-01-18 23:39:46,3775.67,Change Email,True,0.0,3775.67,"Los Angeles, USA",iPhone,Home WiFi,0,0
4,0,2025-01-19 00:01:46,3775.67,Suspicious Login,True,0.0,3775.67,"London, UK",iPad,Corporate Network,0,0
5,0,2025-01-19 00:29:46,3775.67,Suspicious Login,True,0.0,3775.67,"New York, USA",iPhone,Public WiFi,1,0
6,0,2025-01-19 00:42:46,3775.67,Suspicious Login,True,0.0,3775.67,"New York, USA",Windows Laptop,Public WiFi,0,0
7,0,2025-01-19 00:52:46,3775.67,Suspicious Login,True,0.0,3775.67,"New York, USA",iPhone,Mobile Network,1,0
8,0,2025-01-19 00:56:46,3775.67,Change Password,True,0.0,3775.67,"New York, USA",Linux PC,Home WiFi,0,0
9,0,2025-01-19 00:58:46,3775.67,Change Email,True,0.0,3775.67,"London, UK",Android,Home WiFi,0,0
10,0,2025-01-19 00:58:46,3775.67,Change Email,True,0.0,3775.67,"Tokyo, Japan",Windows Laptop,Public WiFi,0,0
11,0,2025-01-19 01:27:46,3775.67,Change Email,True,0.0,3775.67,"New York, USA",Windows Laptop,Home WiFi,0,1
12,0,2025-01-19 01:38:46,3775.67,Request New Card,True,0.0,3775.67,"New York, USA",Windows Laptop,Public WiFi,0,0
13,0,2025-01-19 01:42:46,3775.67,Request New Card,True,0.0,3775.67,"London, UK",MacBook,Home WiFi,0,0
14,0,2025-01-19 01:44:46,3775.67,Change Email,True,0.0,3775.67,"London, UK",Android,Home WiFi,0,0
15,0,2025-01-19 01:55:46,3775.67,Change Email,True,0.0,3775.67,"Paris, France",iPhone,Corporate Network,0,0
16,0,2025-01-19 02:00:46,3775.67,Change Email,True,0.0,3775.67,"Tokyo, Japan",Windows Laptop,Corporate Network,1,0
17,0,2025-01-19 02:29:46,3775.67,Change Password,True,0.0,3775.67,"Tokyo, Japan",Android,Mobile Network,0,0
18,0,2025-01-19 02:45:46,3775.67,Suspicious Login,True,0.0,3775.67,"New York, USA",Linux PC,Home WiFi,0,0
19,0,2025-01-19 02:56:46,3775.67,Change Password,True,0.0,3775.67,"New York, USA",Android,Public WiFi,0,0
20,0,2025-01-19 03:14:46,3775.67,Change Password,True,0.0,3775.67,"Tokyo, Japan",iPhone,Home WiFi,0,0
21,0,2025-01-19 03:30:46,3775.67,Request New Card,True,0.0,3775.67,"New York, USA",iPhone,Home WiFi,0,0
22,0,2025-01-19 03:57:46,3775.67,Request New Card,True,0.0,3775.67,"Los Angeles, USA",Android,Public WiFi,1,0
23,0,2025-01-19 04:23:46,3775.67,Request New Card,True,0.0,3775.67,"Los Angeles, USA",MacBook,Home WiFi,0,0
24,0,2025-01-19 04:24:46,3775.67,Unauthorized Transfer,False,-8505.0,3775.67,"Los Angeles, USA",MacBook,Home WiFi,0,0
25,0,2025-01-19 04:50:46,3775.67,Unauthorized Transfer,False,-4354.0,3775.67,"Los Angeles, USA",iPhone,Corporate Network,0,0
26,0,2025-01-19 05:19:46,3775.67,Unauthorized Transfer,False,-7102.0,3775.67,"Los Angeles, USA",iPad,Public WiFi,0,0
27,0,2025-01-19 05:26:46,3775.67,Change Email,True,0.0,3775.67,"Tokyo, Japan",Android,Corporate Network,0,0
28,0,2025-01-19 05:47:46,3775.67,Change Email,True,0.0,3775.67,"London, UK",MacBook,Mobile Network,0,0
29,0,2025-01-19 06:03:46,3775.67,Change Phone,True,0.0,3775.67,"Paris, France",Android,Public WiFi,0,0
30,0,2025-01-19 06:25:46,3775.67,Change Phone,True,0.0,3775.67,"Tokyo, Japan",Windows Laptop,Mobile Network,0,0
31,0,2025-01-19 06:54:46,3775.67,Request New Card,True,0.0,3775.67,"Los Angeles, USA",iPhone,Home WiFi,0,0
32,0,2025-01-19 07:09:46,3775.67,Change Email,True,0.0,3775.67,"New York, USA",Android,Public WiFi,0,0
33,0,2025-01-19 07:18:46,3775.67,Suspicious Login,True,0.0,3775.67,"Paris, France",iPhone,Mobile Network,0,0
34,0,2025-01-19 07:26:46,3775.67,Change Email,True,0.0,3775.67,"New York, USA",Linux PC,Public WiFi,0,0
35,0,2025-01-19 07:31:46,3775.67,Request New Card,True,0.0,3775.67,"Paris, France",Windows Laptop,Public WiFi,0,0
36,0,2025-01-19 07:32:46,3775.67,Request New Card,True,0.0,3775.67,"Tokyo, Japan",Windows Laptop,Public WiFi,0,0
37,0,2025-01-19 07:43:46,3775.67,Request New Card,True,0.0,3775.67,"New York, USA",MacBook,Public WiFi,0,0
38,0,2025-01-19 07:57:46,3775.67,Change Email,True,0.0,3775.67,"New York, USA",Android,Public WiFi,0,0
39,0,2025-01-19 08:11:46,3775.67,Change Email,True,0.0,3775.67,"Berlin, Germany",Windows Laptop,Public WiFi,0,0
40,0,2025-01-19 08:30:46,3775.67,Change Phone,True,0.0,3775.67,"Los Angeles, USA",iPhone,Home WiFi,0,0
41,0,2025-01-19 09:00:46,3775.67,Change Email,True,0.0,3775.67,"Los Angeles, USA",Android,Public WiFi,0,0
42,0,2025-01-19 09:17:46,3775.67,Change Phone,True,0.0,3775.67,"Los Angeles, USA",iPhone,Public WiFi,0,0
43,0,2025-01-19 09:17:46,3775.67,Request New Card,True,0.0,3775.67,"London, UK",MacBook,Mobile Network,0,0
44,0,2025-01-19 09:44:46,3775.67,Request New Card,True,0.0,3775.67,"Tokyo, Japan",iPhone,Home WiFi,0,0
45,0,2025-01-19 09:54:46,3775.67,Request New Card,True,0.0,3775.67,"New York, USA",Android,Public WiFi,0,1
46,0,2025-01-19 10:17:46,3775.67,Change Email,True,0.0,3775.67,"Los Angeles, USA",Windows Laptop,Home WiFi,0,0
47,0,2025-01-19 10:25:46,3775.67,Change Phone,True,0.0,3775.67,"New York, USA",iPhone,Home WiFi,0,0
48,0,2025-01-19 10:50:46,3775.67,Change Email,True,0.0,3775.67,"Los Angeles, USA",Windows Laptop,Public WiFi,0,0
49,0,2025-01-19 10:59:46,3775.67,Change Email,True,0.0,3775.67,"Tokyo, Japan",Android,Home WiFi,0,0
50,0,2025-01-19 11:27:46,3775.67,Change Email,True,0.0,3775.67,"Los Angeles, USA",iPhone,Home WiFi,0,0
51,0,2025-01-19 11:39:46,3775.67,Change Email,True,0.0,3775.67,"New York, USA",iPhone,Public WiFi,0,0
52,0,2025-01-19 11:54:46,3775.67,Change Phone,True,0.0,3775.67,"New York, USA",Android,Home WiFi,0,0
53,0,2025-01-19 12:09:46,3775.67,Change Phone,True,0.0,3775.67,"New York, USA",Android,Home WiFi,0,0
54,0,2025-01-19 12:32:46,3775.67,Suspicious Login,True,0.0,3775.67,"Los Angeles, USA",Windows Laptop,Home WiFi,0,0
55,0,2025-01-19 12:39:46,3775.67,Change Password,True,0.0,3775.67,"Los Angeles, USA",Android,Public WiFi,0,0
56,0,2025-01-19 12:53:46,3775.67,Change Email,True,0.0,3775.67,"Los Angeles, USA",Linux PC,Mobile Network,0,0
57,0,2025-01-19 12:57:46,3775.67,Change Phone,True,0.0,3775.67,"Tokyo, Japan",Android,Home WiFi,0,0
58,0,2025-01-19 13:13:46,3775.67,Change Phone,True,0.0,3775.67,"Paris, France",Android,Public WiFi,0,0
59,0,2025-01-19 13:21:46,3775.67,Suspicious Login,True,0.0,3775.67,"New York, USA",Windows Laptop,Public WiFi,0,0
60,0,2025-01-19 13:38:46,3775.67,Suspicious Login,True,0.0,3775.67,"New York, USA",Android,Home WiFi,0,0
61,0,2025-01-19 13:56:46,3775.67,Change Password,True,0.0,3775.67,"New York, USA",MacBook,Home WiFi,0,0
62,0,2025-01-19 14:07:46,3775.67,Change Phone,True,0.0,3775.67,"New York, USA",Android,Public WiFi,0,0
63,0,2025-01-19 14:32:46,3775.67,Change Phone,True,0.0,3775.67,"Paris, France",iPad,Public WiFi,0,0
64,0,2025-01-19 15:01:46,3775.67,Change Email,True,0.0,3775.67,"New York, USA",Windows Laptop,Corporate Network,0,0
65,0,2025-01-19 15:22:46,3775.67,Change Email,True,0.0,3775.67,"New York, USA",iPhone,Home WiFi,0,0
66,0,2025-01-19 15:40:46,3775.67,Suspicious Login,True,0.0,3775.67,"Los Angeles, USA",Android,Mobile Network,0,0
67,0,2025-01-19 16:00:46,3775.67,Change Email,True,0.0,3775.67,"Tokyo, Japan",Windows Laptop,Home WiFi,0,0
68,0,2025-01-19 16:30:46,3775.67,Change Phone,True,0.0,3775.67,"New York, USA",Windows Laptop,Public WiFi,0,0
69,0,2025-01-19 16:45:46,3775.67,Change Phone,True,0.0,3775.67,"New York, USA",Android,Mobile Network,0,0
70,0,2025-01-19 16:53:46,3775.67,Suspicious Login,True,0.0,3775.67,"New York, USA",Windows Laptop,Public WiFi,0,0
71,0,2025-01-19 17:17:46,3775.67,Change Password,True,0.0,3775.67,"New York, USA",iPhone,Home WiFi,0,0
72,0,2025-01-19 17:26:46,3775.67,Change Password,True,0.0,3775.67,"London, UK",iPhone,Corporate Network,0,0
73,0,2025-01-19 17:41:46,3775.67,Change Email,True,0.0,3775.67,"Tokyo, Japan",Android,Mobile Network,0,0
74,0,2025-01-19 17:44:46,3775.67,Request New Card,True,0.0,3775.67,"Tokyo, Japan",iPhone,Corporate Network,0,0
75,0,2025-01-19 18:00:46,3775.67,Unauthorized Transfer,True,-231.0,3544.67,"Tokyo, Japan",Linux PC,Public WiFi,0,0
76,0,2025-01-19 18:27:46,3775.67,Unauthorized Transfer,True,-1575.0,2200.67,"Tokyo, Japan",iPhone,Home WiFi,0,0
77,0,2025-01-19 18:48:46,3775.67,Change Phone,True,0.0,3775.67,"New York, USA",Windows Laptop,Home WiFi,0,0
78,0,2025-01-19 18:57:46,3775.67,Change Phone,True,0.0,3775.67,"Los Angeles, USA",iPhone,Home WiFi,0,0
79,0,2025-01-19 18:58:46,3775.67,Change Password,True,0.0,3775.67,"Los Angeles, USA",MacBook,Home WiFi,0,0
80,0,2025-01-19 19:15:46,3775.67,Change Phone,True,0.0,3775.67,"London, UK",iPhone,Public WiFi,0,0
81,0,2025-01-19 19:36:46,3775.67,Change Phone,True,0.0,3775.67,"Tokyo, Japan",iPhone,Corporate Network,0,0
82,0,2025-01-19 20:02:46,3775.67,Change Email,True,0.0,3775.67,"New York, USA",Windows Laptop,Public WiFi,0,0
83,0,2025-01-19 20:10:46,3775.67,Change Email,True,0.0,3775.67,"Berlin, Germany",Android,Corporate Network,0,0
84,0,2025-01-19 20:37:46,3775.67,Change Phone,True,0.0,3775.67,"Tokyo, Japan",Android,Home WiFi,0,0
85,0,2025-01-19 20:55:46,3775.67,Change Phone,True,0.0,3775.67,"Paris, France",MacBook,Public WiFi,0,0
86,0,2025-01-19 21:08:46,3775.67,Change Password,True,0.0,3775.67,"New York, USA",Windows Laptop,Public WiFi,0,0
87,0,2025-01-19 21:25:46,3775.67,Change Password,True,0.0,3775.67,"New York, USA",MacBook,Public WiFi,0,0
88,0,2025-01-19 21:50:46,3775.67,Change Password,True,0.0,3775.67,"London, UK",iPhone,Home WiFi,0,0
89,0,2025-01-19 22:05:46,3775.67,Change Password,True,0.0,3775.67,"Tokyo, Japan",Android,Home WiFi,0,0
90,0,2025-01-19 22:31:46,3775.67,Change Password,True,0.0,3775.67,"Berlin, Germany",Android,Home WiFi,0,0
91,0,2025-01-19 22:58:46,3775.67,Suspicious Login,True,0.0,3775.67,"New York, USA",iPhone,Mobile Network,0,0
92,0,2025-01-19 23:25:46,3775.67,Suspicious Login,True,0.0,3775.67,"Los Angeles, USA",Android,Home WiFi,0,0
93,0,2025-01-19 23:27:46,3775.67,Suspicious Login,True,0.0,3775.67,"Tokyo, Japan",Windows Laptop,Mobile Network,0,0
94,0,2025-01-19 23:32:46,3775.67,Unauthorized Transfer,False,-7042.0,3775.67,"Los Angeles, USA",iPhone,Mobile Network,0,0
95,0,2025-01-19 23:32:46,3775.67,Unauthorized Transfer,False,-4172.0,3775.67,"Los Angeles, USA",Windows Laptop,Home WiFi,0,0
96,0,2025-01-19 23:34:46,3775.67,Unauthorized Transfer,False,-5752.0,3775.67,"Berlin, Germany",Android,Public WiFi,0,0
97,0,2025-01-19 23:54:46,3775.67,Unauthorized Transfer,True,-3335.0,440.67,"Tokyo, Japan",Android,Home WiFi,0,0
98,0,2025-01-20 00:12:46,3775.67,Request New Card,True,0.0,3775.67,"New York, USA",MacBook,Home WiFi,0,0
99,0,2025-01-20 00:20:46,3775.67,Unauthorized Transfer,False,-7434.0,3775.67,"London, UK",MacBook,Mobile Network,0,0
100,0,2025-01-20 00:46:46,3775.67,Change Phone,True,0.0,3775.67,"Los Angeles, USA",iPhone,Home WiFi,0,1
101,0,2025-01-20 01:07:46,3775.67,Change Email,True,0.0,3775.67,"Tokyo, Japan",Windows Laptop,Public WiFi,0,0
102,0,2025-01-20 01:10:46,3775.67,Change Email,True,0.0,3775.67,"New York, USA",MacBook,Public WiFi,0,0
103,0,2025-01-20 01:17:46,3775.67,Suspicious Login,True,0.0,3775.67,"Berlin, Germany",iPad,Home WiFi,0,0
104,0,2025-01-20 01:37:46,3775.67,Change Password,True,0.0,3775.67,"Berlin, Germany",Android,Public WiFi,0,0
105,0,2025-01-20 01:45:46,3775.67,Suspicious Login,True,0.0,3775.67,"Los Angeles, USA",MacBook,Mobile Network,0,0
106,0,2025-01-20 02:03:46,3775.67,Suspicious Login,True,0.0,3775.67,"Paris, France",MacBook,Home WiFi,0,0
107,0,2025-01-20 02:29:46,3775.67,Suspicious Login,True,0.0,3775.67,"New York, USA",MacBook,Home WiFi,0,1
108,0,2025-01-20 02:56:46,3775.67,Unauthorized Transfer,False,-4002.0,3775.67,"New York, USA",Android,Home WiFi,0,0
109,0,2025-01-20 02:57:46,3775.67,Unauthorized Transfer,False,-6124.0,3775.67,"London, UK",Windows Laptop,Mobile Network,0,0
110,0,2025-01-20 03:04:46,3775.67,Unauthorized Transfer,False,-4829.0,3775.67,"Berlin, Germany",iPhone,Home WiFi,0,0
111,0,2025-01-20 03:13:46,3775.67,Unauthorized Transfer,False,-6155.0,3775.67,"London, UK",iPhone,Home WiFi,0,0
112,0,2025-01-20 03:30:46,3775.67,Unauthorized Transfer,False,-8730.0,3775.67,"Paris, France",iPhone,Home WiFi,0,0
113,0,2025-01-20 03:57:46,3775.67,Request New Card,True,0.0,3775.67,"Los Angeles, USA",Linux PC,Home WiFi,0,0
114,0,2025-01-20 04:24:46,3775.67,Suspicious Login,True,0.0,3775.67,"London, UK",iPhone,Home WiFi,0,0
115,0,2025-01-20 04:43:46,3775.67,Failed Login,True,0.0,3775.67,"London, UK",Windows Laptop,Home WiFi,0,0
116,0,2025-01-20 05:12:46,3775.67,Failed Login,True,0.0,3775.67,"Los Angeles, USA",iPhone,Home WiFi,0,0
117,0,2025-01-20 05:25:46,3775.67,Failed Login,True,0.0,3775.67,"Berlin, Germany",iPhone,Public WiFi,0,0
118,0,2025-01-20 05:27:46,3775.67,Suspicious Login,True,0.0,3775.67,"Los Angeles, USA",Windows Laptop,Home WiFi,1,0
119,0,2025-01-20 05:43:46,3775.67,Suspicious Login,True,0.0,3775.67,"Tokyo, Japan",iPad,Home WiFi,0,0
120,0,2025-01-20 05:44:46,3775.67,Failed Login,True,0.0,3775.67,"New York, USA",iPhone,Public WiFi,0,0
121,0,2025-01-20 05:52:46,3775.67,Failed Login,True,0.0,3775.67,"Tokyo, Japan",iPad,Public WiFi,0,0
122,0,2025-01-20 06:22:46,3775.67,Suspicious Login,True,0.0,3775.67,"Tokyo, Japan",iPad,Mobile Network,0,0
123,0,2025-01-20 06:25:46,3775.67,Suspicious Login,True,0.0,3775.67,"London, UK",iPad,Mobile Network,0,0
124,0,2025-01-20 06:55:46,3775.67,Suspicious Login,True,0.0,3775.67,"Los Angeles, USA",iPad,Home WiFi,0,0
125,0,2025-01-20 07:01:46,3775.67,Failed Login,True,0.0,3775.67,"Tokyo, Japan",Windows Laptop,Home WiFi,0,0
126,0,2025-01-20 07:21:46,3775.67,Failed Login,True,0.0,3775.67,"Tokyo, Japan",Windows Laptop,Public WiFi,0,0
127,0,2025-01-20 07:49:46,3775.67,Failed Login,True,0.0,3775.67,"New York, USA",Android,Home WiFi,0,0
128,0,2025-01-20 07:52:46,3775.67,Suspicious Login,True,0.0,3775.67,"New York, USA",Android,Home WiFi,0,0
129,0,2025-01-20 07:55:46,3775.67,Change Password,True,0.0,3775.67,"Los Angeles, USA",Android,Corporate Network,0,0
130,0,2025-01-20 08:03:46,3775.67,Suspicious Login,True,0.0,3775.67,"New York, USA",Windows Laptop,Home WiFi,0,0
131,0,2025-01-20 08:33:46,3775.67,Suspicious Login,True,0.0,3775.67,"Los Angeles, USA",Android,Public WiFi,0,0
132,0,2025-01-20 08:48:46,3775.67,Suspicious Login,True,0.0,3775.67,"Tokyo, Japan",MacBook,Public WiFi,0,0
133,0,2025-01-20 09:05:46,3775.67,Unauthorized Transfer,True,-1187.0,2588.67,"Berlin, Germany",Windows Laptop,Home WiFi,0,0
134,0,2025-01-20 09:29:46,3775.67,Unauthorized Transfer,True,-2976.0,799.67,"Los Angeles, USA",iPhone,Home WiFi,0,0
135,0,2025-01-20 09:58:46,3775.67,Unauthorized Transfer,True,-208.0,3567.67,"Los Angeles, USA",Windows Laptop,Mobile Network,0,0
136,0,2025-01-20 10:09:46,3775.67,Unauthorized Transfer,True,-977.0,2798.67,"London, UK",Linux PC,Home WiFi,0,0
137,0,2025-01-20 10:24:46,3775.67,Unauthorized Transfer,False,-5961.0,3775.67,"New York, USA",MacBook,Public WiFi,0,0
138,0,2025-01-20 10:49:46,3775.67,Unauthorized Transfer,True,-3429.0,346.67,"Tokyo, Japan",MacBook,Public WiFi,0,0
139,0,2025-01-20 11:19:46,3775.67,Change Phone,True,0.0,3775.67,"New York, USA",iPhone,Home WiFi,0,0
140,0,2025-01-20 11:47:46,3775.67,Request New Card,True,0.0,3775.67,"London, UK",iPhone,Home WiFi,0,0
141,0,2025-01-20 11:48:46,3775.67,Suspicious Login,True,0.0,3775.67,"Berlin, Germany",iPhone,Home WiFi,0,0
142,0,2025-01-20 12:11:46,3775.67,Suspicious Login,True,0.0,3775.67,"Los Angeles, USA",Android,Home WiFi,0,1
143,0,2025-01-20 12:36:46,3775.67,Suspicious Login,True,0.0,3775.67,"Los Angeles, USA",Android,Public WiFi,0,0
144,0,2025-01-20 12:58:46,3775.67,Failed Login,True,0.0,3775.67,"Berlin, Germany",Android,Home WiFi,0,0
145,0,2025-01-20 13:16:46,3775.67,Failed Login,True,0.0,3775.67,"Paris, France",Windows Laptop,Mobile Network,0,0
146,0,2025-01-20 13:18:46,3775.67,Failed Login,True,0.0,3775.67,"Berlin, Germany",Linux PC,Mobile Network,0,0
147,0,2025-01-20 13:37:46,3775.67,Failed Login,True,0.0,3775.67,"Paris, France",MacBook,Public WiFi,0,0
148,0,2025-01-20 13:43:46,3775.67,Suspicious Login,True,0.0,3775.67,"Los Angeles, USA",Android,Mobile Network,0,0
149,0,2025-01-20 13:57:46,3775.67,Change Phone,True,0.0,3775.67,"Los Angeles, USA",iPhone,Home WiFi,0,0
150,0,2025-01-20 14:15:46,3775.67,Change Password,True,0.0,3775.67,"London, UK",iPhone,Mobile Network,0,0
151,0,2025-01-20 14:41:46,3775.67,Change Password,True,0.0,3775.67,"New York, USA",Windows Laptop,Home WiFi,0,0
152,0,2025-01-20 14:44:46,3775.67,Suspicious Login,True,0.0,3775.67,"Tokyo, Japan",Android,Home WiFi,0,0
153,0,2025-01-20 14:58:46,3775.67,Change Email,True,0.0,3775.67,"New York, USA",Windows Laptop,Corporate Network,0,0
154,0,2025-01-20 15:25:46,3775.67,Change Email,True,0.0,3775.67,"New York, USA",Android,Home WiFi,0,0
155,0,2025-01-20 15:48:46,3775.67,Change Password,True,0.0,3775.67,"New York, USA",Android,Mobile Network,0,0
156,0,2025-01-20 16:18:46,3775.67,Change Password,True,0.0,3775.67,"London, UK",Android,Home WiFi,0,0
157,0,2025-01-20 16:24:46,3775.67,Change Password,True,0.0,3775.67,"New York, USA",iPhone,Public WiFi,0,0
158,0,2025-01-20 16:49:46,3775.67,Change Password,True,0.0,3775.67,"New York, USA",MacBook,Public WiFi,0,0
159,0,2025-01-20 17:14:46,3775.67,Change Password,True,0.0,3775.67,"New York, USA",Android,Public WiFi,0,0
160,0,2025-01-20 17:38:46,3775.67,Change Email,True,0.0,3775.67,"Berlin, Germany",iPad,Home WiFi,0,0
161,0,2025-01-20 18:01:46,3775.67,Change Email,True,0.0,3775.67,"New York, USA",iPhone,Corporate Network,0,0
162,0,2025-01-20 18:17:46,3775.67,Change Email,True,0.0,3775.67,"London, UK",Android,Home WiFi,0,0
163,0,2025-01-20 18:37:46,3775.67,Change Email,True,0.0,3775.67,"Los Angeles, USA",MacBook,Home WiFi,0,0
164,0,2025-01-20 18:56:46,3775.67,Change Email,True,0.0,3775.67,"London, UK",iPhone,Home WiFi,0,0
165,0,2025-01-20 19:00:46,3775.67,Change Email,True,0.0,3775.67,"Berlin, Germany",MacBook,Corporate Network,0,0
166,0,2025-01-20 19:22:46,3775.67,Change Email,True,0.0,3775.67,"Tokyo, Japan",iPhone,Home WiFi,0,1
167,0,2025-01-20 19:35:46,3775.67,Unauthorized Transfer,True,-2464.0,1311.67,"New York, USA",iPhone,Home WiFi,0,0
168,0,2025-01-20 20:04:46,3775.67,Unauthorized Transfer,True,-3189.0,586.67,"Paris, France",iPhone,Mobile Network,1,0
169,0,2025-01-20 20:04:46,3775.67,Close Account,True,0.0,3775.67,"London, UK",Windows Laptop,Home WiFi,0,0
