,agent_id,timestamp,action,granted,initial_balance,amount,balance,merchant,location,device,network,compromised_device,compromised_network,fraud
0,0,2025-01-14 14:26:55.747105,deposit,True,2677.91,346.89,3024.8,ATM,"New York, USA",iPhone,Home WiFi,0,0,0
1,0,2025-01-14 14:26:37.747354,email_change,True,3024.8,0.0,3024.8,,"New York, USA",Linux PC,Mobile Network,0,0,0
2,0,2025-01-14 14:26:44.747475,withdrawal,True,3024.8,393.55,2631.25,Bank,"London, UK",iPhone,Home WiFi,0,0,0
3,0,2025-01-14 14:26:51.752984,purchase,True,4978.88,160.71,4818.17,PayPal,"Los Angeles, USA",iPhone,Mobile Network,0,0,0
4,0,2025-01-14 14:26:57.753128,deposit,True,4818.17,718.13,5536.3,Bank,"New York, USA",iPhone,Home WiFi,0,1,0
5,0,2025-01-14 14:27:02.753229,purchase,True,5536.3,469.05,5067.25,Amazon,"Tokyo, Japan",iPhone,Mobile Network,0,1,0
6,0,2025-01-14 14:27:01.753327,deposit,True,5067.25,619.82,5687.07,PayPal,"New York, USA",Android,Public WiFi,0,0,0
7,0,2025-01-14 14:26:36.753422,deposit,True,5687.07,457.95,6145.02,Bank,"Berlin, Germany",MacBook,Public WiFi,0,0,0
8,0,2025-01-14 14:26:37.753533,withdrawal,True,1608.86,194.84,1414.02,Bank,"Los Angeles, USA",MacBook,Mobile Network,0,0,0
9,0,2025-01-14 14:26:39.753632,withdrawal,True,1414.02,65.42,1348.6,ATM,"Los Angeles, USA",MacBook,Corporate Network,0,0,0
10,0,2025-01-14 14:26:50.753780,deposit,True,1522.34,850.62,2372.96,ATM,"Los Angeles, USA",MacBook,Mobile Network,0,1,0
11,0,2025-01-14 14:26:35.753877,purchase,True,2372.96,579.0,1793.96,Starbucks,"London, UK",iPhone,Home WiFi,0,0,0
12,0,2025-01-14 14:26:34.753973,deposit,True,1793.96,184.7,1978.66,Bank,"Paris, France",MacBook,Home WiFi,0,0,0
13,0,2025-01-14 14:26:45.754067,withdrawal,True,1978.66,473.47,1505.19,Bank,"New York, USA",Android,Public WiFi,0,0,0
14,0,2025-01-14 14:26:45.754159,deposit,True,1505.19,648.53,2153.72,ATM,"Paris, France",MacBook,Public WiFi,0,0,0
15,0,2025-01-14 14:26:51.754256,password_change,True,2153.72,0.0,2153.72,,"London, UK",iPhone,Mobile Network,0,0,0
16,0,2025-01-14 14:26:57.754350,password_change,True,2153.72,0.0,2153.72,,"Paris, France",MacBook,Home WiFi,0,0,0
17,0,2025-01-14 14:26:58.754434,purchase,True,2153.72,361.36,1792.36,Amazon,"London, UK",MacBook,Home WiFi,0,0,0
18,0,2025-01-14 14:26:37.754542,deposit,True,2897.81,783.33,3681.14,PayPal,"Los Angeles, USA",iPhone,Home WiFi,0,0,0
19,0,2025-01-14 14:26:57.754638,withdrawal,True,3681.14,241.04,3440.1,ATM,"New York, USA",MacBook,Mobile Network,0,0,0
