agent_id,type,amount,balance,timestamp,fraud,risk_level
0,deposit,101.2176386613357,3960.63865590018,2024-10-01 11:26:27.808567,0,
1,deposit,34.157613364322714,2268.2873723440975,2024-10-01 11:53:27.808567,0,
2,deposit,175.31292892994276,4362.820861208027,2024-10-01 12:10:27.808567,0,
3,fraud,4801.727642703065,-2493.876710368885,2024-10-01 12:28:27.808567,1,
3,withdrawal,0.0,-2493.876710368885,2024-10-01 12:29:27.808567,1,
0,withdrawal,198.53044081797842,3762.1082150822012,2024-10-01 12:50:27.808567,0,
0,suspicious_login,0.0,3762.1082150822012,2024-10-01 12:54:27.808567,0,
1,deposit,187.3082736673006,2455.595646011398,2024-10-01 13:22:27.808567,0,
2,deposit,153.41688880286242,4516.23775001089,2024-10-01 13:49:27.808567,0,
3,fraud,52.712819959392085,-2441.163890409493,2024-10-01 14:16:27.808567,1,
3,failed_login,0.0,-2441.163890409493,2024-10-01 14:33:27.808567,1,
0,deposit,72.66154200587863,3834.76975708808,2024-10-01 14:59:27.808567,0,
1,deposit,77.42776455789213,2533.0234105692903,2024-10-01 15:00:27.808567,0,
2,deposit,76.05567269794167,4592.293422708832,2024-10-01 15:25:27.808567,0,
3,fraud,4227.289787147945,-6668.453677557438,2024-10-01 15:42:27.808567,1,
3,suspicious_login,0.0,-6668.453677557438,2024-10-01 15:52:27.808567,1,
0,deposit,15.194034160753299,3849.9637912488333,2024-10-01 15:53:27.808567,0,
1,deposit,39.11939697425611,2572.1428075435465,2024-10-01 16:07:27.808567,0,
2,withdrawal,92.57661289335448,4499.716809815477,2024-10-01 16:29:27.808567,0,
2,password_change,0.0,4499.716809815477,2024-10-01 16:50:27.808567,0,
3,fraud,3387.1088896965766,-10055.562567254015,2024-10-01 17:16:27.808567,1,
3,suspicious_login,0.0,-10055.562567254015,2024-10-01 17:20:27.808567,1,
0,withdrawal,22.865271822723034,3827.09851942611,2024-10-01 17:28:27.808567,0,
1,withdrawal,110.35628105878784,2461.7865264847587,2024-10-01 17:52:27.808567,0,
2,deposit,86.14455438809034,4585.861364203567,2024-10-01 17:59:27.808567,0,
2,password_change,0.0,4585.861364203567,2024-10-01 18:24:27.808567,0,
3,fraud,1065.4984661521082,-11121.061033406124,2024-10-01 18:48:27.808567,1,
3,password_change,0.0,-11121.061033406124,2024-10-01 19:08:27.808567,1,
0,deposit,53.76624608015259,3880.8647655062628,2024-10-01 19:09:27.808567,0,
1,withdrawal,143.23643467123452,2318.550091813524,2024-10-01 19:32:27.808567,0,
1,email_change,0.0,2318.550091813524,2024-10-01 20:00:27.808567,0,
2,deposit,95.63717461704218,4681.49853882061,2024-10-01 20:25:27.808567,0,
2,phone_change,0.0,4681.49853882061,2024-10-01 20:30:27.808567,0,
3,fraud,1159.4077532361525,-12280.468786642276,2024-10-01 20:43:27.808567,1,
3,suspicious_login,0.0,-12280.468786642276,2024-10-01 20:44:27.808567,1,
0,deposit,101.74560220039427,3982.610367706657,2024-10-01 21:13:27.808567,0,
0,email_change,0.0,3982.610367706657,2024-10-01 21:31:27.808567,0,
1,deposit,109.1644245969906,2427.7145164105145,2024-10-01 21:42:27.808567,0,
2,withdrawal,57.5826200865506,4623.915918734059,2024-10-01 21:43:27.808567,0,
3,fraud,3802.937907530741,-16083.406694173016,2024-10-01 21:58:27.808567,1,
0,withdrawal,135.16038088907743,3847.44998681758,2024-10-01 22:27:27.808567,0,
1,withdrawal,189.20485918956064,2238.509657220954,2024-10-01 22:29:27.808567,0,
1,suspicious_login,0.0,2238.509657220954,2024-10-01 22:44:27.808567,0,
2,withdrawal,90.90999165771824,4533.005927076341,2024-10-01 23:10:27.808567,0,
3,fraud,4557.971581573707,-20641.378275746723,2024-10-01 23:22:27.808567,1,
3,suspicious_login,0.0,-20641.378275746723,2024-10-01 23:51:27.808567,1,
0,withdrawal,135.51255674576709,3711.9374300718127,2024-10-02 00:05:27.808567,0,
1,deposit,68.33423246675355,2306.843889687708,2024-10-02 00:33:27.808567,0,
2,withdrawal,27.376451561246142,4505.629475515095,2024-10-02 00:35:27.808567,0,
2,suspicious_login,0.0,4505.629475515095,2024-10-02 00:41:27.808567,0,
3,fraud,88.85593792441351,-20552.52233782231,2024-10-02 01:08:27.808567,1,
0,deposit,48.25802493825706,3760.19545501007,2024-10-02 01:20:27.808567,0,
1,deposit,168.70572955601767,2475.5496192437254,2024-10-02 01:21:27.808567,0,
2,withdrawal,61.522407312268214,4444.107068202827,2024-10-02 01:47:27.808567,0,
3,fraud,4663.2161112228005,-25215.738449045108,2024-10-02 01:58:27.808567,1,
3,failed_login,0.0,-25215.738449045108,2024-10-02 02:15:27.808567,1,
0,withdrawal,184.1431072798401,3576.05234773023,2024-10-02 02:35:27.808567,0,
1,withdrawal,191.47183835749647,2284.077780886229,2024-10-02 03:03:27.808567,0,
2,withdrawal,17.48938008510867,4426.617688117718,2024-10-02 03:16:27.808567,0,
3,fraud,3053.897150448865,-28269.635599493973,2024-10-02 03:39:27.808567,1,
0,withdrawal,121.80223248942177,3454.250115240808,2024-10-02 03:56:27.808567,0,
1,withdrawal,174.76755994742624,2109.3102209388026,2024-10-02 04:18:27.808567,0,
2,deposit,72.5869261994103,4499.204614317128,2024-10-02 04:46:27.808567,0,
3,fraud,4638.193552627482,-32907.829152121456,2024-10-02 04:55:27.808567,1,
3,failed_login,0.0,-32907.829152121456,2024-10-02 05:05:27.808567,1,
0,deposit,187.78555471052462,3642.0356699513327,2024-10-02 05:12:27.808567,0,
1,withdrawal,173.418134292966,1935.8920866458366,2024-10-02 05:42:27.808567,0,
2,withdrawal,94.81079367550524,4404.393820641623,2024-10-02 05:53:27.808567,0,
3,fraud,2717.8499694156126,-35625.67912153707,2024-10-02 06:06:27.808567,1,
3,failed_login,0.0,-35625.67912153707,2024-10-02 06:14:27.808567,1,
0,deposit,93.23384855159549,3735.2695185029283,2024-10-02 06:26:27.808567,0,
1,withdrawal,86.81953787317273,1849.0725487726638,2024-10-02 06:31:27.808567,0,
2,withdrawal,121.20381507927381,4283.190005562349,2024-10-02 06:34:27.808567,0,
3,fraud,1308.2149053836104,-36933.89402692068,2024-10-02 07:01:27.808567,1,
0,deposit,149.25174462607796,3884.5212631290065,2024-10-02 07:14:27.808567,0,
0,suspicious_login,0.0,3884.5212631290065,2024-10-02 07:15:27.808567,0,
1,deposit,165.86939633271533,2014.941945105379,2024-10-02 07:30:27.808567,0,
2,withdrawal,36.41529909458936,4246.77470646776,2024-10-02 07:56:27.808567,0,
3,fraud,3326.1205895574662,-40260.01461647815,2024-10-02 08:01:27.808567,1,
3,failed_login,0.0,-40260.01461647815,2024-10-02 08:20:27.808567,1,
0,withdrawal,28.72921998406389,3855.7920431449425,2024-10-02 08:44:27.808567,0,
0,password_change,0.0,3855.7920431449425,2024-10-02 08:57:27.808567,0,
1,deposit,12.985132586338986,2027.927077691718,2024-10-02 09:24:27.808567,0,
2,deposit,181.3890511021261,4428.163757569886,2024-10-02 09:51:27.808567,0,
2,failed_login,0.0,4428.163757569886,2024-10-02 10:06:27.808567,0,
3,fraud,3015.437741903862,-43275.45235838201,2024-10-02 10:23:27.808567,1,
0,deposit,170.01671252723636,4025.808755672179,2024-10-02 10:42:27.808567,0,
0,failed_login,0.0,4025.808755672179,2024-10-02 11:00:27.808567,0,
1,withdrawal,170.28632894657002,1857.6407487451481,2024-10-02 11:29:27.808567,0,
2,withdrawal,114.55050403937506,4313.6132535305105,2024-10-02 11:45:27.808567,0,
2,suspicious_login,0.0,4313.6132535305105,2024-10-02 12:10:27.808567,0,
3,fraud,1477.1637685512587,-44752.61612693327,2024-10-02 12:40:27.808567,1,
0,withdrawal,168.87716415704404,3856.9315915151346,2024-10-02 12:42:27.808567,0,
1,withdrawal,175.94090386307255,1681.6998448820755,2024-10-02 13:09:27.808567,0,
2,withdrawal,127.32536660978211,4186.287886920729,2024-10-02 13:23:27.808567,0,
3,fraud,4986.510892490465,-49739.12701942374,2024-10-02 13:25:27.808567,1,
0,withdrawal,32.389368616394364,3824.5422228987404,2024-10-02 13:26:27.808567,0,
1,deposit,123.15649116869803,1804.8563360507735,2024-10-02 13:56:27.808567,0,
2,deposit,75.4971705560139,4261.785057476743,2024-10-02 13:59:27.808567,0,
3,fraud,3630.3963731151084,-53369.523392538846,2024-10-02 14:23:27.808567,1,
3,withdrawal,0.0,-53369.523392538846,2024-10-02 14:29:27.808567,1,
0,deposit,198.53769978520248,4023.079922683943,2024-10-02 14:53:27.808567,0,
1,deposit,132.95933066242134,1937.8156667131948,2024-10-02 14:59:27.808567,0,
2,deposit,179.74926532393812,4441.5343228006805,2024-10-02 15:16:27.808567,0,
3,fraud,37.95169724879011,-53331.571695290055,2024-10-02 15:33:27.808567,1,
0,deposit,165.4361965510814,4188.516119235024,2024-10-02 15:43:27.808567,0,
1,deposit,145.76051881129573,2083.5761855244905,2024-10-02 16:00:27.808567,0,
2,withdrawal,143.18532368084638,4298.348999119834,2024-10-02 16:29:27.808567,0,
2,password_change,0.0,4298.348999119834,2024-10-02 16:56:27.808567,0,
3,fraud,4635.5726838483115,-57967.144379138364,2024-10-02 17:02:27.808567,1,
3,suspicious_login,0.0,-57967.144379138364,2024-10-02 17:18:27.808567,1,
0,withdrawal,86.74914144628356,4101.76697778874,2024-10-02 17:26:27.808567,0,
1,deposit,27.661945100698045,2111.2381306251887,2024-10-02 17:39:27.808567,0,
2,deposit,136.22050104641556,4434.56950016625,2024-10-02 17:57:27.808567,0,
3,fraud,1105.0882266427348,-59072.2326057811,2024-10-02 18:13:27.808567,1,
0,withdrawal,115.57855639339742,3986.188421395343,2024-10-02 18:16:27.808567,0,
0,suspicious_login,0.0,3986.188421395343,2024-10-02 18:27:27.808567,0,
1,deposit,173.8249402514899,2285.0630708766785,2024-10-02 18:57:27.808567,0,
1,email_change,0.0,2285.0630708766785,2024-10-02 19:21:27.808567,0,
2,withdrawal,59.44318342035586,4375.126316745894,2024-10-02 19:50:27.808567,0,
3,fraud,1976.666658980735,-61048.899264761836,2024-10-02 19:56:27.808567,1,
0,deposit,54.66000944766867,4040.8484308430116,2024-10-02 20:25:27.808567,0,
1,withdrawal,120.37789495369799,2164.6851759229803,2024-10-02 20:53:27.808567,0,
1,phone_change,0.0,2164.6851759229803,2024-10-02 21:18:27.808567,0,
2,deposit,49.78518111982492,4424.911497865719,2024-10-02 21:47:27.808567,0,
3,fraud,3940.534685742327,-64989.433950504164,2024-10-02 22:02:27.808567,1,
0,deposit,155.5600712314451,4196.408502074457,2024-10-02 22:23:27.808567,0,
1,withdrawal,75.78835565596354,2088.8968202670167,2024-10-02 22:46:27.808567,0,
1,password_change,0.0,2088.8968202670167,2024-10-02 22:58:27.808567,0,
2,withdrawal,15.299181243404623,4409.612316622314,2024-10-02 23:17:27.808567,0,
3,fraud,58.73504480452396,-64930.69890569964,2024-10-02 23:23:27.808567,1,
3,suspicious_login,0.0,-64930.69890569964,2024-10-02 23:49:27.808567,1,
0,deposit,51.72039085642826,4248.128892930885,2024-10-03 00:00:27.808567,0,
1,deposit,79.49442548917375,2168.3912457561905,2024-10-03 00:02:27.808567,0,
2,deposit,24.05444711397285,4433.666763736287,2024-10-03 00:11:27.808567,0,
3,fraud,4223.692410768993,-69154.39131646864,2024-10-03 00:27:27.808567,1,
0,deposit,18.778749427065677,4266.907642357951,2024-10-03 00:56:27.808567,0,
1,withdrawal,71.33038426266091,2097.0608614935295,2024-10-03 01:13:27.808567,0,
1,password_change,0.0,2097.0608614935295,2024-10-03 01:20:27.808567,0,
2,withdrawal,94.37619960775295,4339.290564128534,2024-10-03 01:29:27.808567,0,
3,fraud,1326.8527648627523,-70481.24408133139,2024-10-03 01:40:27.808567,1,
3,password_change,0.0,-70481.24408133139,2024-10-03 01:59:27.808567,1,
0,withdrawal,154.6198044154426,4112.287837942508,2024-10-03 02:10:27.808567,0,
1,withdrawal,18.364324195910328,2078.696537297619,2024-10-03 02:38:27.808567,0,
2,withdrawal,123.863059278809,4215.427504849726,2024-10-03 03:02:27.808567,0,
3,fraud,3121.369996867863,-73602.61407819926,2024-10-03 03:14:27.808567,1,
3,failed_login,0.0,-73602.61407819926,2024-10-03 03:42:27.808567,1,
0,withdrawal,105.6996822389014,4006.588155703607,2024-10-03 03:46:27.808567,0,
1,withdrawal,89.34821675641203,1989.3483205412072,2024-10-03 03:54:27.808567,0,
2,withdrawal,189.3516849955815,4026.0758198541444,2024-10-03 04:09:27.808567,0,
3,fraud,3925.8622991235716,-77528.47637732283,2024-10-03 04:34:27.808567,1,
0,deposit,23.886045835925156,4030.474201539532,2024-10-03 04:52:27.808567,0,
1,withdrawal,98.6295913387349,1890.7187292024723,2024-10-03 05:22:27.808567,0,
1,failed_login,0.0,1890.7187292024723,2024-10-03 05:39:27.808567,0,
2,deposit,56.55065636121152,4082.626476215356,2024-10-03 05:47:27.808567,0,
3,fraud,4421.926154440341,-81950.40253176317,2024-10-03 05:59:27.808567,1,
3,failed_login,0.0,-81950.40253176317,2024-10-03 06:21:27.808567,1,
0,deposit,39.968823353659396,4070.4430248931913,2024-10-03 06:37:27.808567,0,
1,withdrawal,174.81925411010076,1715.8994750923716,2024-10-03 07:01:27.808567,0,
2,withdrawal,111.07031360435751,3971.5561626109984,2024-10-03 07:25:27.808567,0,
3,fraud,2570.15064968607,-84520.55318144924,2024-10-03 07:27:27.808567,1,
0,withdrawal,72.90692851260602,3997.536096380585,2024-10-03 07:35:27.808567,0,
1,withdrawal,73.8494756159921,1642.0499994763795,2024-10-03 07:52:27.808567,0,
2,withdrawal,50.441487240905815,3921.1146753700928,2024-10-03 07:53:27.808567,0,
3,fraud,35.33485510970341,-84485.21832633954,2024-10-03 08:13:27.808567,1,
3,suspicious_login,0.0,-84485.21832633954,2024-10-03 08:43:27.808567,1,
0,deposit,56.38765687335724,4053.9237532539423,2024-10-03 08:50:27.808567,0,
1,deposit,135.17309728816568,1777.2230967645453,2024-10-03 09:09:27.808567,0,
1,email_change,0.0,1777.2230967645453,2024-10-03 09:28:27.808567,0,
2,deposit,157.87595870793518,4078.990634078028,2024-10-03 09:45:27.808567,0,
3,fraud,1190.6363248065418,-85675.85465114609,2024-10-03 09:53:27.808567,1,
3,suspicious_login,0.0,-85675.85465114609,2024-10-03 10:03:27.808567,1,
0,withdrawal,21.992404000558384,4031.931349253384,2024-10-03 10:21:27.808567,0,
0,password_change,0.0,4031.931349253384,2024-10-03 10:27:27.808567,0,
1,withdrawal,143.72987686096087,1633.4932199035843,2024-10-03 10:46:27.808567,0,
2,deposit,31.123949901222314,4110.114583979251,2024-10-03 11:04:27.808567,0,
3,fraud,61.65843924939243,-85614.19621189669,2024-10-03 11:10:27.808567,1,
3,suspicious_login,0.0,-85614.19621189669,2024-10-03 11:20:27.808567,1,
0,withdrawal,106.32028005932001,3925.611069194064,2024-10-03 11:23:27.808567,0,
1,withdrawal,30.79978530425413,1602.6934345993302,2024-10-03 11:48:27.808567,0,
1,suspicious_login,0.0,1602.6934345993302,2024-10-03 12:09:27.808567,0,
2,withdrawal,124.6795397681867,3985.435044211064,2024-10-03 12:30:27.808567,0,
3,fraud,4668.496936910082,-90282.69314880678,2024-10-03 12:38:27.808567,1,
0,withdrawal,177.71388031450832,3747.8971888795554,2024-10-03 12:40:27.808567,0,
1,deposit,91.49588626363831,1694.1893208629685,2024-10-03 12:53:27.808567,0,
2,deposit,148.74000649978868,4134.175050710853,2024-10-03 12:57:27.808567,0,
3,fraud,1140.4416794572348,-91423.13482826401,2024-10-03 13:18:27.808567,1,
3,failed_login,0.0,-91423.13482826401,2024-10-03 13:33:27.808567,1,
0,withdrawal,177.2643462873848,3570.6328425921706,2024-10-03 13:52:27.808567,0,
1,withdrawal,53.36508939890612,1640.8242314640624,2024-10-03 14:11:27.808567,0,
2,deposit,47.259416480060096,4181.434467190913,2024-10-03 14:33:27.808567,0,
2,password_change,0.0,4181.434467190913,2024-10-03 15:02:27.808567,0,
3,fraud,4203.83115758242,-95626.96598584643,2024-10-03 15:29:27.808567,1,
0,deposit,29.474673325444318,3600.107515917615,2024-10-03 15:57:27.808567,0,
1,withdrawal,159.5462804439352,1481.2779510201271,2024-10-03 16:02:27.808567,0,
2,withdrawal,186.9926618182578,3994.4418053726554,2024-10-03 16:07:27.808567,0,
3,fraud,81.55609178259662,-95545.40989406384,2024-10-03 16:36:27.808567,1,
0,deposit,149.04587037456622,3749.153386292181,2024-10-03 16:51:27.808567,0,
1,deposit,175.12653478996089,1656.404485810088,2024-10-03 17:19:27.808567,0,
2,deposit,66.47493392858664,4060.916739301242,2024-10-03 17:30:27.808567,0,
3,fraud,45.46633632665499,-95499.94355773718,2024-10-03 17:55:27.808567,1,
0,withdrawal,13.897675049344365,3735.2557112428367,2024-10-03 18:04:27.808567,0,
0,failed_login,0.0,3735.2557112428367,2024-10-03 18:12:27.808567,0,
1,deposit,80.59549645171269,1736.9999822618008,2024-10-03 18:13:27.808567,0,
2,deposit,133.72043235279165,4194.637171654033,2024-10-03 18:29:27.808567,0,
3,fraud,2678.7310030822478,-98178.67456081942,2024-10-03 18:35:27.808567,1,
3,failed_login,0.0,-98178.67456081942,2024-10-03 19:02:27.808567,1,
0,withdrawal,119.98974274874465,3615.2659684940922,2024-10-03 19:08:27.808567,0,
1,withdrawal,168.84452210108853,1568.1554601607122,2024-10-03 19:33:27.808567,0,
2,deposit,40.11410456298336,4234.751276217017,2024-10-03 19:37:27.808567,0,
3,fraud,4748.2464136247745,-102926.92097444419,2024-10-03 20:07:27.808567,1,
3,suspicious_login,0.0,-102926.92097444419,2024-10-03 20:22:27.808567,1,
0,withdrawal,165.24495342317397,3450.021015070918,2024-10-03 20:44:27.808567,0,
1,withdrawal,150.66169340492027,1417.493766755792,2024-10-03 20:45:27.808567,0,
2,deposit,72.44441767457735,4307.195693891595,2024-10-03 20:47:27.808567,0,
2,email_change,0.0,4307.195693891595,2024-10-03 21:03:27.808567,0,
3,fraud,1516.143993771917,-104443.0649682161,2024-10-03 21:19:27.808567,1,
0,withdrawal,111.30218885303415,3338.718826217884,2024-10-03 21:34:27.808567,0,
1,deposit,163.74599483236616,1581.2397615881582,2024-10-03 21:36:27.808567,0,
2,deposit,121.81656175404768,4429.012255645643,2024-10-03 21:44:27.808567,0,
3,fraud,3778.852806647337,-108221.91777486344,2024-10-03 21:48:27.808567,1,
3,failed_login,0.0,-108221.91777486344,2024-10-03 22:11:27.808567,1,
0,deposit,166.97953266213472,3505.6983588800185,2024-10-03 22:32:27.808567,0,
1,withdrawal,16.588408415071882,1564.6513531730864,2024-10-03 22:37:27.808567,0,
2,deposit,149.31544547855748,4578.3277011242,2024-10-03 23:07:27.808567,0,
3,fraud,58.66820339737114,-108163.24957146606,2024-10-03 23:36:27.808567,1,
0,withdrawal,184.04995040239731,3321.648408477621,2024-10-03 23:46:27.808567,0,
1,withdrawal,26.605679276004253,1538.045673897082,2024-10-04 00:07:27.808567,0,
2,deposit,168.2256788427043,4746.553379966904,2024-10-04 00:28:27.808567,0,
3,fraud,4728.319416373592,-112891.56898783965,2024-10-04 00:55:27.808567,1,
0,withdrawal,89.12530943274994,3232.5230990448713,2024-10-04 01:04:27.808567,0,
1,withdrawal,52.97811344023768,1485.0675604568444,2024-10-04 01:17:27.808567,0,
2,deposit,176.28532939702603,4922.838709363929,2024-10-04 01:44:27.808567,0,
2,failed_login,0.0,4922.838709363929,2024-10-04 02:13:27.808567,0,
3,fraud,4761.61398601508,-117653.18297385474,2024-10-04 02:18:27.808567,1,
3,suspicious_login,0.0,-117653.18297385474,2024-10-04 02:28:27.808567,1,
0,deposit,190.7592958521366,3423.282394897008,2024-10-04 02:40:27.808567,0,
1,withdrawal,123.07863087026537,1361.988929586579,2024-10-04 03:07:27.808567,0,
2,withdrawal,67.41596137790977,4855.422747986019,2024-10-04 03:19:27.808567,0,
3,fraud,4342.505282764555,-121995.6882566193,2024-10-04 03:41:27.808567,1,
3,failed_login,0.0,-121995.6882566193,2024-10-04 03:52:27.808567,1,
0,withdrawal,194.6069394101442,3228.675455486864,2024-10-04 03:58:27.808567,0,
0,suspicious_login,0.0,3228.675455486864,2024-10-04 04:20:27.808567,0,
1,deposit,34.03509944080058,1396.0240290273796,2024-10-04 04:24:27.808567,0,
2,deposit,88.38036226354411,4943.803110249563,2024-10-04 04:46:27.808567,0,
3,fraud,48.82813472985888,-121946.86012188943,2024-10-04 05:07:27.808567,1,
3,withdrawal,0.0,-121946.86012188943,2024-10-04 05:28:27.808567,1,
0,withdrawal,128.9000117862937,3099.77544370057,2024-10-04 05:52:27.808567,0,
0,suspicious_login,0.0,3099.77544370057,2024-10-04 05:56:27.808567,0,
1,deposit,84.9335141281542,1480.9575431555338,2024-10-04 05:58:27.808567,0,
2,withdrawal,196.1772315464648,4747.625878703098,2024-10-04 06:11:27.808567,0,
3,fraud,91.7979090499794,-121855.06221283945,2024-10-04 06:19:27.808567,1,
0,deposit,63.61242731412355,3163.3878710146937,2024-10-04 06:39:27.808567,0,
0,phone_change,0.0,3163.3878710146937,2024-10-04 06:58:27.808567,0,
1,deposit,31.74208495190135,1512.6996281074353,2024-10-04 07:27:27.808567,0,
2,withdrawal,60.77226242818962,4686.853616274909,2024-10-04 07:47:27.808567,0,
2,phone_change,0.0,4686.853616274909,2024-10-04 08:07:27.808567,0,
3,fraud,18.980468239197315,-121836.08174460025,2024-10-04 08:35:27.808567,1,
0,deposit,119.35495324193084,3282.7428242566248,2024-10-04 08:52:27.808567,0,
0,suspicious_login,0.0,3282.7428242566248,2024-10-04 09:20:27.808567,0,
1,withdrawal,64.20382204031375,1448.4958060671215,2024-10-04 09:43:27.808567,0,
2,withdrawal,161.4912604219897,4525.362355852919,2024-10-04 10:12:27.808567,0,
3,fraud,38.96288143160531,-121797.11886316864,2024-10-04 10:14:27.808567,1,
0,withdrawal,29.307193569258956,3253.435630687366,2024-10-04 10:21:27.808567,0,
1,deposit,185.3963842699745,1633.892190337096,2024-10-04 10:48:27.808567,0,
2,withdrawal,39.905922533536874,4485.456433319382,2024-10-04 11:11:27.808567,0,
2,email_change,0.0,4485.456433319382,2024-10-04 11:22:27.808567,0,
3,fraud,74.79411125343746,-121722.3247519152,2024-10-04 11:25:27.808567,1,
3,suspicious_login,0.0,-121722.3247519152,2024-10-04 11:38:27.808567,1,
0,deposit,86.06815310445192,3339.503783791818,2024-10-04 11:59:27.808567,0,
1,deposit,76.55808109824672,1710.4502714353428,2024-10-04 12:27:27.808567,0,
2,deposit,139.98223347275683,4625.438666792139,2024-10-04 12:38:27.808567,0,
2,email_change,0.0,4625.438666792139,2024-10-04 13:03:27.808567,0,
3,fraud,4636.764046953658,-126359.08879886886,2024-10-04 13:29:27.808567,1,
3,suspicious_login,0.0,-126359.08879886886,2024-10-04 13:57:27.808567,1,
0,withdrawal,166.75186099688895,3172.751922794929,2024-10-04 14:05:27.808567,0,
1,deposit,60.245680069459034,1770.6959515048018,2024-10-04 14:24:27.808567,0,
2,withdrawal,12.241815318101157,4613.196851474037,2024-10-04 14:28:27.808567,0,
3,fraud,3258.460849140782,-129617.54964800965,2024-10-04 14:49:27.808567,1,
3,suspicious_login,0.0,-129617.54964800965,2024-10-04 14:57:27.808567,1,
0,withdrawal,122.10704371506067,3050.6448790798686,2024-10-04 14:58:27.808567,0,
1,withdrawal,109.28833885634093,1661.4076126484608,2024-10-04 15:12:27.808567,0,
2,deposit,111.8606649219504,4725.0575163959875,2024-10-04 15:21:27.808567,0,
2,password_change,0.0,4725.0575163959875,2024-10-04 15:29:27.808567,0,
3,fraud,40.956357984550564,-129576.59329002509,2024-10-04 15:31:27.808567,1,
0,deposit,51.684107269938835,3102.3289863498076,2024-10-04 15:45:27.808567,0,
1,withdrawal,199.8035385579307,1461.60407409053,2024-10-04 15:49:27.808567,0,
2,withdrawal,163.04451509471713,4562.01300130127,2024-10-04 16:19:27.808567,0,
3,fraud,4736.707729242653,-134313.30101926773,2024-10-04 16:20:27.808567,1,
0,withdrawal,37.620644322306084,3064.7083420275017,2024-10-04 16:35:27.808567,0,
1,withdrawal,73.22222052257189,1388.3818535679582,2024-10-04 17:00:27.808567,0,
1,suspicious_login,0.0,1388.3818535679582,2024-10-04 17:24:27.808567,0,
2,withdrawal,183.36371556589515,4378.649285735375,2024-10-04 17:37:27.808567,0,
3,fraud,23.446880682859216,-134289.85413858487,2024-10-04 17:53:27.808567,1,
3,suspicious_login,0.0,-134289.85413858487,2024-10-04 17:54:27.808567,1,
0,deposit,27.259893538121197,3091.9682355656228,2024-10-04 18:07:27.808567,0,
1,deposit,102.89070512599201,1491.2725586939503,2024-10-04 18:17:27.808567,0,
1,failed_login,0.0,1491.2725586939503,2024-10-04 18:29:27.808567,0,
2,withdrawal,126.76556503975232,4251.883720695623,2024-10-04 18:59:27.808567,0,
3,fraud,72.51005088515831,-134217.34408769972,2024-10-04 19:16:27.808567,1,
0,deposit,122.12071727460885,3214.0889528402317,2024-10-04 19:38:27.808567,0,
1,deposit,129.93568735991192,1621.2082460538622,2024-10-04 19:41:27.808567,0,
2,deposit,131.13862069126813,4383.022341386892,2024-10-04 20:03:27.808567,0,
2,suspicious_login,0.0,4383.022341386892,2024-10-04 20:31:27.808567,0,
3,fraud,1462.6104314386837,-135679.9545191384,2024-10-04 20:46:27.808567,1,
0,withdrawal,167.0355485369756,3047.0534043032562,2024-10-04 20:47:27.808567,0,
1,withdrawal,100.5091454934163,1520.699100560446,2024-10-04 21:04:27.808567,0,
1,suspicious_login,0.0,1520.699100560446,2024-10-04 21:16:27.808567,0,
2,deposit,19.04895139332735,4402.071292780219,2024-10-04 21:21:27.808567,0,
3,fraud,1774.5310606289163,-137454.48557976732,2024-10-04 21:22:27.808567,1,
3,failed_login,0.0,-137454.48557976732,2024-10-04 21:25:27.808567,1,
0,deposit,69.09094324627826,3116.1443475495344,2024-10-04 21:54:27.808567,0,
1,withdrawal,133.63196759673005,1387.067132963716,2024-10-04 22:24:27.808567,0,
2,deposit,80.00073589568662,4482.072028675905,2024-10-04 22:31:27.808567,0,
2,failed_login,0.0,4482.072028675905,2024-10-04 22:41:27.808567,0,
3,fraud,2190.3805524286545,-139644.86613219598,2024-10-04 23:01:27.808567,1,
3,suspicious_login,0.0,-139644.86613219598,2024-10-04 23:27:27.808567,1,
0,deposit,42.04770987044011,3158.1920574199744,2024-10-04 23:57:27.808567,0,
1,withdrawal,121.53327013311039,1265.5338628306056,2024-10-05 00:07:27.808567,0,
2,withdrawal,178.9237144180806,4303.1483142578245,2024-10-05 00:09:27.808567,0,
3,fraud,10.139540239942962,-139634.72659195605,2024-10-05 00:14:27.808567,1,
0,deposit,47.7298188732927,3205.921876293267,2024-10-05 00:44:27.808567,0,
1,deposit,136.98006267969393,1402.5139255102995,2024-10-05 00:53:27.808567,0,
2,deposit,12.018843082421604,4315.167157340246,2024-10-05 01:06:27.808567,0,
3,fraud,1019.9214249957072,-140654.64801695175,2024-10-05 01:18:27.808567,1,
3,failed_login,0.0,-140654.64801695175,2024-10-05 01:39:27.808567,1,
0,withdrawal,123.06172597314425,3082.8601503201226,2024-10-05 01:56:27.808567,0,
1,withdrawal,83.60531997455875,1318.9086055357407,2024-10-05 02:11:27.808567,0,
2,withdrawal,189.37408690089305,4125.793070439353,2024-10-05 02:41:27.808567,0,
3,fraud,4420.708568731361,-145075.3565856831,2024-10-05 02:52:27.808567,1,
0,withdrawal,37.009675123582326,3045.85047519654,2024-10-05 03:21:27.808567,0,
0,password_change,0.0,3045.85047519654,2024-10-05 03:33:27.808567,0,
1,withdrawal,191.64199339604357,1127.2666121396971,2024-10-05 03:36:27.808567,0,
2,withdrawal,68.90189024752368,4056.8911801918293,2024-10-05 03:44:27.808567,0,
3,fraud,3435.610798091301,-148510.9673837744,2024-10-05 04:10:27.808567,1,
0,deposit,132.82291756145895,3178.673392757999,2024-10-05 04:37:27.808567,0,
0,failed_login,0.0,3178.673392757999,2024-10-05 04:58:27.808567,0,
1,withdrawal,48.02346074470618,1079.243151394991,2024-10-05 04:59:27.808567,0,
2,deposit,93.94355226158608,4150.834732453415,2024-10-05 05:08:27.808567,0,
2,phone_change,0.0,4150.834732453415,2024-10-05 05:27:27.808567,0,
3,fraud,4579.3841514062915,-153090.3515351807,2024-10-05 05:31:27.808567,1,
3,suspicious_login,0.0,-153090.3515351807,2024-10-05 05:39:27.808567,1,
0,deposit,145.75181775852306,3324.425210516522,2024-10-05 05:58:27.808567,0,
1,deposit,102.31955731444299,1181.562708709434,2024-10-05 06:27:27.808567,0,
2,withdrawal,76.80391375317538,4074.0308187002397,2024-10-05 06:51:27.808567,0,
2,password_change,0.0,4074.0308187002397,2024-10-05 06:58:27.808567,0,
3,fraud,28.793768482712352,-153061.55776669798,2024-10-05 07:23:27.808567,1,
3,suspicious_login,0.0,-153061.55776669798,2024-10-05 07:52:27.808567,1,
0,deposit,178.50293074687386,3502.928141263396,2024-10-05 07:53:27.808567,0,
1,deposit,163.4515782392398,1345.0142869486738,2024-10-05 08:06:27.808567,0,
2,deposit,79.23569601492913,4153.266514715169,2024-10-05 08:29:27.808567,0,
2,email_change,0.0,4153.266514715169,2024-10-05 08:47:27.808567,0,
3,fraud,3837.634092608349,-156899.19185930633,2024-10-05 09:05:27.808567,1,
0,deposit,104.97946742084173,3607.907608684238,2024-10-05 09:16:27.808567,0,
1,deposit,46.7077223395788,1391.7220092882526,2024-10-05 09:21:27.808567,0,
2,deposit,153.85500780982363,4307.1215225249925,2024-10-05 09:39:27.808567,0,
3,fraud,4405.929022425584,-161305.1208817319,2024-10-05 09:53:27.808567,1,
3,suspicious_login,0.0,-161305.1208817319,2024-10-05 10:02:27.808567,1,
0,deposit,98.74980304695933,3706.657411731197,2024-10-05 10:18:27.808567,0,
1,deposit,190.56726365203707,1582.2892729402897,2024-10-05 10:32:27.808567,0,
2,withdrawal,11.342008102104366,4295.7795144228885,2024-10-05 10:37:27.808567,0,
3,fraud,3047.4128231297136,-164352.53370486162,2024-10-05 10:51:27.808567,1,
0,withdrawal,99.75203245558568,3606.9053792756113,2024-10-05 11:20:27.808567,0,
0,password_change,0.0,3606.9053792756113,2024-10-05 11:39:27.808567,0,
1,withdrawal,23.544701157810497,1558.7445717824792,2024-10-05 11:56:27.808567,0,
1,suspicious_login,0.0,1558.7445717824792,2024-10-05 12:13:27.808567,0,
2,withdrawal,131.51652504346706,4164.262989379421,2024-10-05 12:43:27.808567,0,
3,fraud,1744.62778531342,-166097.16149017503,2024-10-05 13:06:27.808567,1,
3,failed_login,0.0,-166097.16149017503,2024-10-05 13:30:27.808567,1,
0,withdrawal,22.104977147771223,3584.8004021278402,2024-10-05 13:53:27.808567,0,
1,deposit,42.00387837469608,1600.7484501571753,2024-10-05 13:54:27.808567,0,
1,password_change,0.0,1600.7484501571753,2024-10-05 13:58:27.808567,0,
2,withdrawal,77.2965774405717,4086.9664119388494,2024-10-05 14:19:27.808567,0,
3,fraud,82.84763770909503,-166014.31385246594,2024-10-05 14:27:27.808567,1,
3,withdrawal,0.0,-166014.31385246594,2024-10-05 14:41:27.808567,1,
0,deposit,117.74242011059746,3702.5428222384376,2024-10-05 14:50:27.808567,0,
0,password_change,0.0,3702.5428222384376,2024-10-05 15:11:27.808567,0,
1,withdrawal,167.01151707957573,1433.7369330775996,2024-10-05 15:18:27.808567,0,
2,deposit,162.8553541637022,4249.821766102552,2024-10-05 15:32:27.808567,0,
3,fraud,1551.5140151793435,-167565.82786764528,2024-10-05 15:59:27.808567,1,
3,suspicious_login,0.0,-167565.82786764528,2024-10-05 16:10:27.808567,1,
0,withdrawal,173.20274519249563,3529.340077045942,2024-10-05 16:12:27.808567,0,
1,deposit,68.02225331272459,1501.7591863903242,2024-10-05 16:26:27.808567,0,
2,deposit,52.922126218354315,4302.7438923209065,2024-10-05 16:27:27.808567,0,
3,fraud,85.34769327042093,-167480.48017437485,2024-10-05 16:46:27.808567,1,
0,withdrawal,113.16416529029325,3416.175911755649,2024-10-05 17:14:27.808567,0,
1,withdrawal,163.3904152099141,1338.36877118041,2024-10-05 17:34:27.808567,0,
2,withdrawal,165.76806237253675,4136.97582994837,2024-10-05 18:02:27.808567,0,
3,fraud,93.09445757181695,-167387.38571680302,2024-10-05 18:12:27.808567,1,
3,failed_login,0.0,-167387.38571680302,2024-10-05 18:42:27.808567,1,
0,withdrawal,80.91409135520612,3335.261820400443,2024-10-05 19:02:27.808567,0,
1,deposit,64.61133339973266,1402.9801045801428,2024-10-05 19:27:27.808567,0,
1,suspicious_login,0.0,1402.9801045801428,2024-10-05 19:32:27.808567,0,
2,deposit,166.03808219078772,4303.013912139158,2024-10-05 19:52:27.808567,0,
3,fraud,2235.0327263060553,-169622.41844310908,2024-10-05 20:15:27.808567,1,
3,failed_login,0.0,-169622.41844310908,2024-10-05 20:36:27.808567,1,
0,deposit,195.479054023337,3530.74087442378,2024-10-05 20:43:27.808567,0,
1,deposit,163.83070863302018,1566.8108132131629,2024-10-05 20:44:27.808567,0,
2,deposit,142.44251546393824,4445.456427603096,2024-10-05 21:08:27.808567,0,
3,fraud,49.25374602482589,-169573.16469708426,2024-10-05 21:22:27.808567,1,
3,suspicious_login,0.0,-169573.16469708426,2024-10-05 21:31:27.808567,1,
0,withdrawal,180.83762811913647,3349.9032463046437,2024-10-05 21:57:27.808567,0,
1,deposit,80.06921906140532,1646.8800322745683,2024-10-05 22:03:27.808567,0,
1,suspicious_login,0.0,1646.8800322745683,2024-10-05 22:12:27.808567,0,
2,withdrawal,166.13703077741798,4279.319396825678,2024-10-05 22:31:27.808567,0,
3,fraud,2277.555776656892,-171850.72047374115,2024-10-05 22:37:27.808567,1,
0,deposit,114.59990660348241,3464.503152908126,2024-10-05 23:06:27.808567,0,
0,phone_change,0.0,3464.503152908126,2024-10-05 23:11:27.808567,0,
1,deposit,15.362559848802755,1662.242592123371,2024-10-05 23:22:27.808567,0,
2,withdrawal,81.37632752872582,4197.943069296953,2024-10-05 23:43:27.808567,0,
2,failed_login,0.0,4197.943069296953,2024-10-05 23:53:27.808567,0,
3,fraud,2029.724952216511,-173880.44542595767,2024-10-06 00:22:27.808567,1,
0,withdrawal,178.729746953926,3285.7734059542,2024-10-06 00:39:27.808567,0,
0,suspicious_login,0.0,3285.7734059542,2024-10-06 00:42:27.808567,0,
1,withdrawal,58.88965499843919,1603.3529371249317,2024-10-06 00:50:27.808567,0,
1,password_change,0.0,1603.3529371249317,2024-10-06 01:13:27.808567,0,
2,withdrawal,162.7257549322054,4035.2173143647474,2024-10-06 01:14:27.808567,0,
2,phone_change,0.0,4035.2173143647474,2024-10-06 01:26:27.808567,0,
3,fraud,3414.3402018506304,-177294.7856278083,2024-10-06 01:53:27.808567,1,
3,failed_login,0.0,-177294.7856278083,2024-10-06 02:23:27.808567,1,
0,withdrawal,151.60746951148695,3134.165936442713,2024-10-06 02:26:27.808567,0,
1,deposit,182.78646198555805,1786.1393991104896,2024-10-06 02:51:27.808567,0,
2,deposit,154.92600677549893,4190.143321140246,2024-10-06 03:04:27.808567,0,
3,fraud,3631.514955895051,-180926.30058370336,2024-10-06 03:32:27.808567,1,
3,suspicious_login,0.0,-180926.30058370336,2024-10-06 03:33:27.808567,1,
0,withdrawal,100.94019042212894,3033.2257460205838,2024-10-06 03:36:27.808567,0,
1,deposit,173.36162661554522,1959.5010257260349,2024-10-06 03:38:27.808567,0,
2,withdrawal,166.89813095342916,4023.245190186817,2024-10-06 03:41:27.808567,0,
3,fraud,49.624266584553155,-180876.6763171188,2024-10-06 03:46:27.808567,1,
0,deposit,96.847276536395,3130.0730225569787,2024-10-06 03:58:27.808567,0,
1,withdrawal,167.28672935351804,1792.2142963725169,2024-10-06 04:18:27.808567,0,
2,deposit,17.234765672506402,4040.4799558593236,2024-10-06 04:30:27.808567,0,
3,fraud,3796.0386683591128,-184672.7149854779,2024-10-06 04:44:27.808567,1,
3,suspicious_login,0.0,-184672.7149854779,2024-10-06 04:47:27.808567,1,
0,withdrawal,72.61535203796672,3057.457670519012,2024-10-06 05:04:27.808567,0,
1,deposit,123.52217630148067,1915.7364726739975,2024-10-06 05:09:27.808567,0,
2,deposit,56.594785314080134,4097.074741173404,2024-10-06 05:34:27.808567,0,
3,fraud,2469.494783522274,-187142.20976900018,2024-10-06 05:55:27.808567,1,
3,failed_login,0.0,-187142.20976900018,2024-10-06 05:59:27.808567,1,
0,deposit,135.77404743078404,3193.231717949796,2024-10-06 06:25:27.808567,0,
1,deposit,107.29503967110244,2023.0315123450998,2024-10-06 06:36:27.808567,0,
1,failed_login,0.0,2023.0315123450998,2024-10-06 06:44:27.808567,0,
2,withdrawal,45.008213544644335,4052.0665276287596,2024-10-06 07:00:27.808567,0,
3,fraud,1369.8429722772948,-188512.05274127747,2024-10-06 07:14:27.808567,1,
3,suspicious_login,0.0,-188512.05274127747,2024-10-06 07:26:27.808567,1,
0,deposit,88.89697933425954,3282.1286972840553,2024-10-06 07:47:27.808567,0,
0,suspicious_login,0.0,3282.1286972840553,2024-10-06 08:08:27.808567,0,
1,withdrawal,190.13117465170063,1832.9003376933993,2024-10-06 08:16:27.808567,0,
2,deposit,47.568985958007126,4099.635513586767,2024-10-06 08:30:27.808567,0,
3,fraud,3494.2356167587827,-192006.28835803625,2024-10-06 08:46:27.808567,1,
3,password_change,0.0,-192006.28835803625,2024-10-06 08:56:27.808567,1,
0,withdrawal,52.05140682062381,3230.0772904634314,2024-10-06 09:06:27.808567,0,
1,deposit,167.05483489846077,1999.95517259186,2024-10-06 09:28:27.808567,0,
2,deposit,73.243631601243,4172.87914518801,2024-10-06 09:47:27.808567,0,
2,suspicious_login,0.0,4172.87914518801,2024-10-06 10:15:27.808567,0,
3,fraud,64.88051480312137,-191941.40784323314,2024-10-06 10:35:27.808567,1,
3,suspicious_login,0.0,-191941.40784323314,2024-10-06 10:54:27.808567,1,
0,deposit,101.09795273918468,3331.175243202616,2024-10-06 11:01:27.808567,0,
1,deposit,196.45065402807228,2196.405826619932,2024-10-06 11:31:27.808567,0,
2,deposit,61.31016124589618,4234.189306433906,2024-10-06 11:56:27.808567,0,
3,fraud,1637.6204063098996,-193579.02824954304,2024-10-06 12:08:27.808567,1,
3,failed_login,0.0,-193579.02824954304,2024-10-06 12:27:27.808567,1,
0,deposit,42.65284303514912,3373.828086237765,2024-10-06 12:52:27.808567,0,
1,withdrawal,15.770892085895772,2180.6349345340363,2024-10-06 13:19:27.808567,0,
2,withdrawal,155.89297425742072,4078.296332176485,2024-10-06 13:37:27.808567,0,
2,password_change,0.0,4078.296332176485,2024-10-06 13:40:27.808567,0,
3,fraud,2045.1538875579015,-195624.18213710096,2024-10-06 13:45:27.808567,1,
3,suspicious_login,0.0,-195624.18213710096,2024-10-06 14:03:27.808567,1,
0,deposit,155.44301131768407,3529.271097555449,2024-10-06 14:31:27.808567,0,
0,failed_login,0.0,3529.271097555449,2024-10-06 14:39:27.808567,0,
1,deposit,31.809563401748406,2212.444497935785,2024-10-06 15:00:27.808567,0,
2,deposit,127.42082265826828,4205.717154834753,2024-10-06 15:15:27.808567,0,
2,password_change,0.0,4205.717154834753,2024-10-06 15:24:27.808567,0,
3,fraud,2011.2796336742686,-197635.46177077523,2024-10-06 15:31:27.808567,1,
3,failed_login,0.0,-197635.46177077523,2024-10-06 15:50:27.808567,1,
0,deposit,149.04769667518997,3678.318794230639,2024-10-06 16:03:27.808567,0,
1,withdrawal,131.89315766083845,2080.5513402749466,2024-10-06 16:10:27.808567,0,
2,withdrawal,69.37604196782641,4136.341112866927,2024-10-06 16:37:27.808567,0,
3,fraud,39.806025444340364,-197595.6557453309,2024-10-06 16:40:27.808567,1,
3,failed_login,0.0,-197595.6557453309,2024-10-06 16:43:27.808567,1,
0,withdrawal,60.36971465142315,3617.949079579216,2024-10-06 17:13:27.808567,0,
1,deposit,127.79773507561971,2208.349075350566,2024-10-06 17:42:27.808567,0,
1,failed_login,0.0,2208.349075350566,2024-10-06 17:56:27.808567,0,
2,deposit,98.04024685505308,4234.38135972198,2024-10-06 18:07:27.808567,0,
3,fraud,1274.5718179121077,-198870.227563243,2024-10-06 18:29:27.808567,1,
3,withdrawal,0.0,-198870.227563243,2024-10-06 18:54:27.808567,1,
0,deposit,192.78302084737888,3810.7321004265946,2024-10-06 18:57:27.808567,0,
1,deposit,178.4616277943767,2386.810703144943,2024-10-06 19:15:27.808567,0,
2,withdrawal,23.405183472396565,4210.976176249583,2024-10-06 19:25:27.808567,0,
3,fraud,19.077227630968046,-198851.15033561204,2024-10-06 19:43:27.808567,1,
0,withdrawal,111.66773912873049,3699.0643612978643,2024-10-06 20:01:27.808567,0,
0,failed_login,0.0,3699.0643612978643,2024-10-06 20:30:27.808567,0,
1,deposit,129.34481587721544,2516.1555190221584,2024-10-06 20:43:27.808567,0,
2,deposit,86.5848825983755,4297.5610588479585,2024-10-06 20:51:27.808567,0,
3,fraud,42.9759019094922,-198808.17443370254,2024-10-06 20:53:27.808567,1,
0,withdrawal,61.60897776322574,3637.4553835346387,2024-10-06 20:57:27.808567,0,
1,withdrawal,42.672195221686174,2473.483323800472,2024-10-06 21:00:27.808567,0,
2,withdrawal,15.282898260128963,4282.27816058783,2024-10-06 21:28:27.808567,0,
3,fraud,1560.9851372698686,-200369.1595709724,2024-10-06 21:42:27.808567,1,
0,withdrawal,24.50083407074216,3612.9545494638965,2024-10-06 21:48:27.808567,0,
0,phone_change,0.0,3612.9545494638965,2024-10-06 22:17:27.808567,0,
1,withdrawal,60.63256744143705,2412.850756359035,2024-10-06 22:42:27.808567,0,
2,deposit,152.20493942810924,4434.483100015939,2024-10-06 22:58:27.808567,0,
2,password_change,0.0,4434.483100015939,2024-10-06 23:21:27.808567,0,
3,fraud,2288.6715103711376,-202657.83108134355,2024-10-06 23:36:27.808567,1,
3,failed_login,0.0,-202657.83108134355,2024-10-07 00:00:27.808567,1,
0,deposit,90.19890483572925,3703.1534542996255,2024-10-07 00:02:27.808567,0,
1,withdrawal,82.38927487372683,2330.4614814853085,2024-10-07 00:31:27.808567,0,
2,deposit,188.4123995764781,4622.895499592418,2024-10-07 00:59:27.808567,0,
3,fraud,11.292505416792078,-202646.53857592677,2024-10-07 01:20:27.808567,1,
0,deposit,96.61744454368387,3799.7708988433096,2024-10-07 01:26:27.808567,0,
1,deposit,34.591529434522364,2365.0530109198307,2024-10-07 01:55:27.808567,0,
2,withdrawal,124.5514235216302,4498.344076070787,2024-10-07 02:21:27.808567,0,
3,fraud,94.88031650749366,-202551.65825941926,2024-10-07 02:32:27.808567,1,
0,withdrawal,41.54484702874743,3758.226051814562,2024-10-07 02:52:27.808567,0,
0,password_change,0.0,3758.226051814562,2024-10-07 03:16:27.808567,0,
1,withdrawal,125.5131262469397,2239.539884672891,2024-10-07 03:35:27.808567,0,
1,phone_change,0.0,2239.539884672891,2024-10-07 03:58:27.808567,0,
2,withdrawal,99.19322834026457,4399.150847730522,2024-10-07 04:28:27.808567,0,
3,fraud,3115.1466296379995,-205666.80488905727,2024-10-07 04:30:27.808567,1,
0,deposit,163.63338496714707,3921.859436781709,2024-10-07 04:39:27.808567,0,
1,deposit,12.888401047467799,2252.4282857203584,2024-10-07 04:48:27.808567,0,
2,deposit,174.63077088054806,4573.78161861107,2024-10-07 05:07:27.808567,0,
3,fraud,4104.693531416702,-209771.49842047397,2024-10-07 05:32:27.808567,1,
3,suspicious_login,0.0,-209771.49842047397,2024-10-07 05:49:27.808567,1,
