2025-02-19T13:21:16.914847,a02ca16c-d95a-49e4-b7e0-16c94cb17cbe,1,Valid JSON extracted and used
2025-02-19T13:22:12.658390,a9703129-1c54-4137-b538-1931d43705b5,1,Valid JSON extracted and used
2025-02-19T13:23:06.693722,0d5616af-4f2b-4a21-9de7-604812a523fe,1,Valid JSON extracted and used
2025-02-19T13:25:56.790486,c0acbf9e-3f6a-45ca-9462-86d3481adf3a,1,Valid JSON extracted and used
2025-02-19T13:26:58.464384,9e7a71be-9f44-41bc-87c7-26c0f14b0cd1,1,Valid JSON extracted and used
2025-02-19T13:27:57.001100,4041a6f1-8fef-44c3-ab03-83d7878897be,1,Valid JSON extracted and used
2025-02-19T13:29:04.029201,e5c7addb-c8bf-4a39-82c5-aff3bdc513b8,1,Valid JSON extracted and used
2025-02-19T13:29:55.850251,804bfa0b-f836-497a-8a30-7d2e2858648f,1,Valid JSON extracted and used
2025-02-19T13:31:13.002336,4dd86390-9b44-42ef-a926-759139a09768,-1,JSON generation failed
2025-02-19T13:32:27.742463,4dd86390-9b44-42ef-a926-759139a09768,-1,JSON generation failed
2025-02-19T13:33:31.904020,4dd86390-9b44-42ef-a926-759139a09768,1,Valid JSON extracted and used
2025-02-19T13:35:22.655360,9b79b3e1-279f-45c2-b17b-d9c2e7182aac,1,Valid JSON extracted and used
2025-02-19T13:43:50.267460,11c204c0-ca8e-417d-ac76-16582614284f,-1,JSON generation failed
2025-02-19T13:45:02.909007,11c204c0-ca8e-417d-ac76-16582614284f,1,Valid JSON extracted and used
2025-02-19T13:46:17.546391,09262d46-e0e1-4909-8e3e-4a622dbef143,1,Valid JSON extracted and used
2025-02-19T13:47:33.475978,b5e133bd-af83-4a05-80e2-3c310c9fcd05,1,Valid JSON extracted and used
2025-02-19T13:49:43.559453,7e530845-5df3-4796-a2cc-db0b4a599aa1,1,Valid JSON extracted and used
2025-02-19T13:53:08.063299,3defe3cc-b275-4c66-8547-cc97a47d876f,1,Valid JSON extracted and used
