timestamp,reward
2025-02-17T15:13:25.600202,2,JSON valid and filled DataFrame
2025-02-17T15:15:01.631662,2,JSON valid and filled DataFrame
2025-02-17T15:16:27.510625,2,JSON valid and filled DataFrame
2025-02-17T15:17:26.243415,-1,JSON decoding error
2025-02-17T15:18:14.267676,2,JSON valid and filled DataFrame
2025-02-17T15:19:23.599615,2,JSON valid and filled DataFrame
2025-02-17T15:20:27.873607,2,JSON valid and filled DataFrame
2025-02-17T15:21:36.454860,-1,JSON decoding error
2025-02-17T15:22:50.804848,2,JSON valid and filled DataFrame
2025-02-17T15:24:07.209977,2,JSON valid and filled DataFrame
2025-02-17T15:25:11.982164,2,JSON valid and filled DataFrame
2025-02-17T15:25:57.043780,2,JSON valid and filled DataFrame
2025-02-17T15:27:00.600256,2,JSON valid and filled DataFrame
2025-02-17T15:27:48.288160,2,JSON valid and filled DataFrame
2025-02-17T15:28:31.233666,2,JSON valid and filled DataFrame
2025-02-17T15:29:42.513882,2,JSON valid and filled DataFrame
2025-02-17T15:30:28.492396,2,JSON valid and filled DataFrame
2025-02-17T15:31:36.046297,-1,JSON decoding error
2025-02-17T15:32:34.475016,-1,JSON decoding error
2025-02-17T15:33:44.167263,-1,JSON decoding error
